Sch_Div,Economically_Disadvantaged_No_Total_Count,Economically_Disadvantaged_Yes_Total_Count,English_Learners_No_Total_Count,English_Learners_Yes_Total_Count,Foster_Care_No_Total_Count,Foster_Care_Yes_Total_Count,Homeless_No_Total_Count,Homeless_Yes_Total_Count,Disabled_No_Total_Count,Disabled_Yes_Total_Count,Gender_Female_Total_Count,Gender_Male_Total_Count,Gender_Other_Total_Count,Race_American_Indian_Or_Alaska_Native_Percentage,Race_Asian_Percentage,Race_Black_Not_Of_Hispanic_Origin_Percentage,Race_Hispanic_Percentage,Native Hawaiian  or Pacific Islander,Race_Non_Hispanic_Two_Or_More_Races_Percentage,Race_White_Not_Of_Hispanic_Origin_Percentage,Teachers_Bachelors_Degree_Percentage,Teachers_Doctoral_Degree_Percentage,Teachers_Masters_Degree_Percentage,Free_And_Reduced_Lunch_Percent_Eligible,Total_Per_Pupil_Expenditures,Total_Expenditures,Number_of_Students_Missing_10__or_More_of_the_Days_Enrolled,Number_of_Students_Enrolled_for_Half_the_Year_or_More,Chronic_Absenteeism_Rate,Poverty_Level,Title1_Code,Percent_of_Inexperienced_Teachers,Percent_of_Out_of_Field_Teachers,Percent_of_Out_of_Field_and_Inexperienced_Teachers,Graduation_Completion_Index
Abingdon High Washington County Public Schools,534,327,852,,853,8,861,,711,150,441,420,0,0.116144019,2.206736353,2.555168409,4.06504065,0.116144019,3.019744483,87.92102207,44,2,49,38.2,11496,9445329,201,795,25.28,Medium Poverty,Non-Title I,4.2,6.3,0.0,90.6
Albemarle High Albemarle County Public Schools,"1,393",524,"1,703",172,"1,914",3,"1,907",10,"1,693",224,932,983,2,0.156494523,7.876890975,16.11893584,16.84924361,0.0,6.051121544,52.94731351,32,1,65,29.2,15599,29702664,372,1913,19.45,Low Poverty,Non-Title I,4.0,4.5,1.7,94.5
Altavista High Campbell County Public Schools,364,338,698,,701,1,694,,603,99,344,358,0,0.56980057,0.56980057,26.21082621,2.991452991,0.142450142,7.407407407,62.10826211,53,0,45,50.0,11414,7825450,171,699,24.46,Medium Poverty,Non-Title I,0.0,7.7,0.0,87.0
Amelia County High Amelia County Public Schools,292,201,483,,491,2,493,,427,66,253,240,0,0.0,0.0,21.5010142,6.085192698,0.0,6.693711968,65.72008114,56,4,38,44.8,12501,6090345,105,495,21.21,Medium Poverty,Non-Title I,6.5,2.2,2.2,94.8
Amherst County High Amherst County Public Schools,563,654,"1,208",,"1,207",10,"1,210",,"1,063",154,595,622,0,0.821692687,0.164338537,16.2695152,3.861955629,0.082169269,10.7641742,68.03615448,45,2,47,41.4,12735,15223809,528,1205,43.82,Medium Poverty,Non-Title I,7.3,5.2,1.0,94.2
Annandale High Fairfax County Public Schools,748,"1,506","1,400",676,"2,246",8,"2,226",28,"1,858",396,"1,048","1,205",1,0.266193434,17.7905945,15.08429459,51.90771961,0.044365572,1.774622893,13.13220941,25,1,72,60.7,17932,40312946,604,2251,26.83,Medium Poverty,Non-Title I,4.6,11.7,1.0,91.9
Appomattox County High Appomattox County Public Schools,426,270,689,,690,6,691,,628,68,356,340,0,0.0,0.0,20.54597701,3.448275862,0.0,7.614942529,68.3908046,49,3,43,41.4,10960,7509315,176,696,25.29,Medium Poverty,Non-Title I,5.4,14.9,4.1,92.9
Arcadia High Accomack County Public Schools,424,263,570,92,686,1,670,17,598,89,323,364,0,0.0,1.164483261,36.97234352,31.58660844,0.0,0.727802038,29.54876274,47,4,39,91.1,11247,7609411,159,677,23.49,High Poverty,Non-Title I,9.8,15.7,3.9,82.1
Arlington Community High Arlington County Public Schools,141,36,41,135,175,2,175,,169,,88,88,1,0.564971751,6.214689266,6.779661017,79.0960452,0.0,0.0,7.344632768,7,7,87,22.8,8711,1660871,120,188,63.83,Low Poverty,Non-Title I,0.0,3.6,0.0,78.7
Atlee High Hanover County Public Schools,"1,279",262,"1,527",12,"1,534",7,"1,540",,"1,352",189,703,838,0,0.454250487,2.855288774,6.683971447,4.347826087,0.0,4.412719014,81.24594419,27,2,69,10.8,10740,16096688,92,1524,6.04,Low Poverty,Non-Title I,3.4,4.3,0.0,96.7
Auburn High Montgomery County Public Schools,242,131,370,,373,,370,,328,45,176,197,0,0.0,0.0,1.072386059,2.949061662,0.0,2.412868633,93.56568365,24,2,70,34.1,15054,5545959,80,365,21.92,Medium Poverty,Non-Title I,0.0,2.0,0.0,97.4
Bassett High Henry County Public Schools,426,669,"1,045",38,"1,073",22,"1,085",10,912,183,538,557,0,0.091324201,0.091324201,16.52968037,17.89954338,0.0,8.127853881,57.26027397,46,0,49,88.7,10715,11644268,271,1090,24.86,High Poverty,Non-Title I,6.7,5.6,0.0,85.1
Bath County High Bath County Public Schools,84,104,187,,187,1,188,,165,23,96,92,0,0.0,0.531914894,2.659574468,1.063829787,0.0,3.723404255,92.0212766,32,4,54,44.2,21108,3933079,32,187,17.11,Medium Poverty,Non-Title I,7.4,0.0,0.0,97.3
Bayside High Virginia Beach City Public Schools,699,"1,247","1,884",56,"1,941",5,"1,931",15,"1,692",254,989,956,1,0.462487153,6.012332991,44.14182939,12.58992806,0.205549846,8.684480987,27.90339157,49,4,46,52.8,11709,22649060,539,1939,27.8,Medium Poverty,Non-Title I,3.8,8.3,0.0,94.4
Bethel High Hampton City Public Schools,"1,010",805,"1,787",21,"1,807",8,"1,805",10,"1,549",266,949,866,0,0.165289256,2.038567493,67.98898072,6.997245179,0.220385675,6.776859504,15.81267218,40,2,52,44.7,11948,21271995,370,1778,20.81,Medium Poverty,Non-Title I,2.5,2.5,0.0,98.3
Blacksburg High Montgomery County Public Schools,"1,064",258,"1,275",31,"1,320",2,"1,318",,"1,201",121,649,669,4,0.302571861,7.186081694,4.311649017,5.748865356,0.0,5.37065053,77.08018154,30,0,65,17.7,11595,15133251,189,1297,14.57,Low Poverty,Non-Title I,5.5,1.8,0.0,98.6
Bland County High Bland County Public Schools,210,162,372,,371,1,371,,308,64,185,187,0,0.268817204,1.075268817,2.150537634,1.344086022,0.0,2.956989247,92.20430108,47,1,51,46.8,12648,4690965,49,372,13.17,Medium Poverty,Non-Title I,2.7,5.4,2.7,99.4
Booker T Washington High Norfolk City Public Schools,253,725,954,18,975,3,976,,766,212,495,483,0,0.204498978,0.81799591,81.18609407,6.748466258,0.511247444,3.885480573,6.646216769,24,5,56,96.0,13860,12984397,143,940,15.21,High Poverty,Title I,6.3,10.0,1.3,84.9
Brentsville District High Prince William County Public Schools,785,156,879,46,941,,937,,804,137,452,489,0,0.318809777,3.613177471,5.100956429,18.27842721,0.0,4.994686504,67.69394261,24,1,75,12.4,15066,14206865,228,945,24.13,Low Poverty,Non-Title I,8.2,6.8,0.0,96.6
Broad Run High Loudoun County Public Schools,"1,201",375,"1,423",102,"1,576",,"1,567",,"1,430",146,801,772,3,0.253807107,25.44416244,10.34263959,15.2284264,0.253807107,5.774111675,42.70304569,26,1,73,17.8,18442,28754749,219,1547,14.16,Low Poverty,Non-Title I,2.7,1.4,0.0,97.7
Broadway High Rockingham County Public Schools,539,423,926,34,955,7,960,,859,103,448,514,0,0.51975052,0.935550936,0.51975052,12.47401247,0.0,4.261954262,81.28898129,41,0,59,33.6,12187,11403748,309,935,33.05,Medium Poverty,Non-Title I,2.6,0.0,0.0,96.0
Brooke Point High Stafford County Public Schools,"1,483",572,"1,926",95,"2,054",1,"2,051",,"1,781",274,996,"1,053",6,0.340632603,4.330900243,27.00729927,24.13625304,0.389294404,7.250608273,36.54501217,33,4,55,29.3,11365,22172645,447,1999,22.36,Low Poverty,Non-Title I,6.7,13.3,4.4,96.2
Brookville High Campbell County Public Schools,639,361,954,23,999,1,"1,000",,874,126,481,519,0,0.7,2.1,11.6,7.5,0.1,5.1,72.9,49,0,46,32.6,10281,10095370,203,987,20.57,Medium Poverty,Non-Title I,0.0,1.4,0.0,95.7
Brunswick High Brunswick County Public Schools,115,324,425,,438,1,438,,368,71,210,229,0,0.227790433,0.455580866,78.35990888,5.011389522,0.455580866,1.366742597,14.12300683,48,7,32,97.8,17381,7530251,66,433,15.24,High Poverty,Title I,7.3,7.3,0.0,90.1
Bruton High York County Public Schools,485,174,634,17,659,,647,12,580,79,324,335,0,0.303490137,3.338391502,21.5477997,12.8983308,0.303490137,12.59484067,49.01365706,30,6,58,28.5,10668,7030169,115,656,17.53,Low Poverty,Non-Title I,9.1,1.5,0.0,97.2
Bryant High Fairfax County Public Schools,40,100,56,79,136,4,134,,130,10,68,72,0,1.428571429,7.142857143,13.57142857,73.57142857,0.0,1.428571429,2.857142857,18,5,75,46.5,44478,6839325,125,156,80.13,Medium Poverty,Non-Title I,0.0,7.3,0.0,58.2
Buckingham County High Buckingham County Public Schools,308,288,589,,596,,593,,510,86,289,307,0,0.0,0.33557047,34.73154362,4.026845638,0.0,6.040268456,54.86577181,40,0,46,55.4,16375,9673825,205,603,34.0,Medium Poverty,Non-Title I,4.1,18.4,2.0,90.0
Buffalo Gap High Augusta County Public Schools,265,187,450,,450,2,450,,406,46,204,248,0,0.221238938,0.442477876,0.663716814,2.876106195,0.0,3.097345133,92.69911504,51,2,45,35.1,14077,6204208,95,449,21.16,Medium Poverty,Non-Title I,3.8,0.0,0.0,90.1
C.D. Hylton High Prince William County Public Schools,"1,093",985,"1,821",184,"2,074",4,"2,073",,"1,847",231,"1,059","1,019",0,0.288739172,8.22906641,24.15784408,46.00577478,0.192492782,4.764196343,16.36188643,33,0,61,43.9,13680,28384831,602,2059,29.24,Medium Poverty,Non-Title I,14.3,10.7,7.1,95.7
Caroline High Caroline County Public Schools,685,533,"1,192",18,"1,217",1,"1,214",,"1,050",168,573,645,0,0.492610837,0.821018062,27.17569787,11.33004926,0.246305419,8.538587849,51.39573071,47,0,47,47.3,11309,13170971,418,1168,35.79,Medium Poverty,Non-Title I,8.8,17.6,2.9,88.4
Carroll County High Carroll County Public Schools,411,641,"1,003",18,"1,041",11,"1,048",,875,177,515,537,0,0.190114068,0.475285171,0.760456274,6.463878327,0.0,0.950570342,91.15969582,41,2,52,48.5,12238,12358369,138,998,13.83,Medium Poverty,Non-Title I,1.9,6.7,1.0,94.3
Castlewood High Russell County Public Schools,115,205,319,,320,,320,,272,48,158,162,0,0.0,0.3125,0.3125,0.3125,0.0,0.625,98.4375,36,3,62,66.3,13749,4332842,96,314,30.57,High Poverty,Non-Title I,2.9,8.6,0.0,92.7
Cave Spring High Roanoke County Public Schools,856,168,"1,008",10,"1,019",5,"1,021",,886,138,516,507,1,0.0,5.17578125,5.95703125,6.34765625,0.0,4.1015625,78.41796875,34,0,65,16.1,10949,10956439,176,1007,17.48,Low Poverty,Non-Title I,10.1,0.0,0.0,96.5
Central High King and Queen County Public Schools,101,167,255,,268,,265,,217,51,135,133,0,0.373134328,0.746268657,29.85074627,8.208955224,0.0,13.05970149,47.76119403,50,3,45,54.6,16708,4356445,77,270,28.52,Medium Poverty,Non-Title I,5.6,8.3,2.8,93.9
Central High Lunenburg County Public Schools,243,249,459,16,491,1,483,,423,69,228,264,0,0.406504065,0.406504065,31.91056911,11.17886179,0.0,4.06504065,52.03252033,54,0,36,59.2,12730,6040838,59,476,12.39,Medium Poverty,Non-Title I,1.8,17.9,1.8,91.6
Central High Shenandoah County Public Schools,425,335,692,59,756,4,760,,642,118,373,387,0,0.131578947,0.657894737,4.210526316,19.07894737,0.0,4.605263158,71.31578947,49,1,49,42.1,12877,9556204,262,747,35.07,Medium Poverty,Non-Title I,7.7,9.2,1.5,98.3
Central High Wise County Public Schools,363,317,679,,675,5,650,30,569,111,302,378,0,0.0,0.882352941,1.176470588,1.323529412,0.147058824,1.029411765,95.44117647,58,0,42,45.8,9494,6315536,179,668,26.8,Medium Poverty,Non-Title I,3.3,0.0,0.0,97.9
Centreville High Fairfax County Public Schools,"1,762",828,"2,202",273,"2,590",,"2,571",19,"2,251",339,"1,237","1,351",2,0.231660232,32.39382239,9.227799228,22.12355212,0.154440154,5.366795367,30.5019305,20,2,77,28.7,16391,42505395,459,2594,17.69,Low Poverty,Non-Title I,2.1,10.7,0.0,93.1
Chancellor High Spotsylvania County Public Schools,727,670,"1,277",108,"1,392",5,"1,381",16,"1,201",196,666,730,1,0.501073729,2.720114531,21.68933429,31.71080888,0.572655691,5.511811024,37.29420186,43,0,52,40.2,11768,16098714,424,1359,31.2,Medium Poverty,Non-Title I,10.1,13.1,4.0,93.0
Chantilly High Fairfax County Public Schools,"2,345",620,"2,655",215,"2,960",5,"2,951",14,"2,508",457,"1,366","1,596",3,0.269814503,38.01011804,5.362563238,15.75042159,0.067453626,5.126475548,35.41315346,23,4,73,18.8,18181,53514906,485,2950,16.44,Low Poverty,Non-Title I,1.3,10.8,0.9,97.7
Charles City County High Charles City County Public Schools,105,131,235,,235,1,233,,198,38,120,116,0,6.355932203,0.423728814,57.20338983,2.542372881,0.847457627,8.050847458,24.57627119,41,3,47,56.2,21875,4733520,114,239,47.7,Medium Poverty,Title I,0.0,9.7,0.0,91.4
Charles J. Colgan Sr. High Prince William County Public Schools,"2,271",599,"2,702",116,"2,865",5,"2,866",,"2,572",298,"1,607","1,263",0,0.278745645,8.50174216,18.81533101,20.13937282,0.278745645,8.118466899,43.86759582,28,3,67,18.4,12529,35577473,668,2824,23.65,Low Poverty,Non-Title I,7.7,2.8,0.0,98.1
Charlottesville High Charlottesville City Public Schools,664,569,"1,092",117,"1,218",15,"1,229",,"1,060",173,601,613,19,0.081103001,4.947283049,28.06163828,13.78751014,0.0,7.948094079,45.17437145,34,2,62,40.8,17123,20762547,315,1236,25.49,Medium Poverty,Non-Title I,3.4,1.7,0.8,90.6
Chatham High Pittsylvania County Public Schools,352,264,607,,610,6,616,,534,82,307,309,0,0.162337662,0.324675325,27.27272727,5.844155844,0.0,2.11038961,64.28571429,51,0,42,49.2,11927,7049175,113,588,19.22,Medium Poverty,Non-Title I,6.0,2.0,0.0,88.2
Chilhowie High Smyth County Public Schools,247,174,415,,418,3,419,,379,42,202,219,0,0.237529691,0.475059382,0.237529691,4.750593824,0.0,0.712589074,93.58669834,58,0,40,77.7,11057,4570918,75,411,18.25,High Poverty,Non-Title I,4.1,8.2,0.0,99.0
Chincoteague High Accomack County Public Schools,187,79,266,,266,,258,,231,35,128,138,0,0.37593985,0.37593985,12.03007519,2.631578947,0.0,3.007518797,81.57894737,45,3,45,91.2,13958,3720706,33,266,12.41,High Poverty,Non-Title I,20.7,17.2,10.3,88.9
Christiansburg High Montgomery County Public Schools,686,411,"1,065",22,"1,094",3,"1,093",,981,116,500,594,3,0.091157703,1.002734731,7.474931632,7.019143118,0.091157703,5.46946217,78.85141294,32,1,62,34.7,12224,13114677,295,1072,27.52,Medium Poverty,Non-Title I,3.0,3.0,0.0,94.2
Churchland High Portsmouth City Public Schools,869,550,"1,404",13,"1,415",4,"1,416",,"1,246",173,682,737,0,0.281888654,0.986610289,68.00563777,4.298801973,0.845665962,4.792107118,20.78928823,49,1,41,48.8,12274,16873294,293,1373,21.34,Medium Poverty,Non-Title I,3.8,9.2,3.8,91.4
Clarke County High Clarke County Public Schools,515,165,664,14,680,,679,,609,71,348,332,0,0.0,0.882352941,2.794117647,10.58823529,0.294117647,8.676470588,76.76470588,46,0,49,16.6,13528,9127183,177,673,26.3,Low Poverty,Non-Title I,7.7,12.3,0.0,97.9
Clover Hill High Chesterfield County Public Schools,"1,334",462,"1,659",40,"1,796",,"1,790",,"1,579",217,836,960,0,0.389755011,5.734966592,25.05567929,12.52783964,0.222717149,5.957683742,50.11135857,39,0,60,24.9,11484,20006342,401,1769,22.67,Low Poverty,Non-Title I,3.3,1.7,0.0,95.1
Colonial Beach High Colonial Beach Public Schools,102,133,227,,235,,220,15,206,29,112,123,0,0.85106383,1.70212766,17.44680851,6.808510638,2.127659574,7.234042553,63.82978723,63,5,32,77.5,18402,4079727,34,231,14.72,High Poverty,Non-Title I,5.6,33.3,0.0,92.1
Colonial Forge High Stafford County Public Schools,"1,596",403,"1,910",64,"1,994",5,"1,992",,"1,716",283,"1,011",986,2,0.300150075,5.202601301,26.06303152,16.8084042,0.4002001,9.354677339,41.87093547,31,3,63,20.4,12101,22732935,353,1917,18.41,Low Poverty,Non-Title I,4.9,9.7,2.1,96.6
Colonial Heights High Colonial Heights City Public Schools,390,444,802,27,832,2,832,,694,140,408,426,0,0.119904077,2.997601918,21.10311751,10.3117506,0.35971223,6.954436451,58.15347722,49,0,47,47.3,14619,11448094,63,810,7.78,Medium Poverty,Non-Title I,8.1,4.7,0.0,91.1
Cosby High Chesterfield County Public Schools,"2,080",251,"2,262",,"2,330",1,"2,330",,"2,117",214,"1,253","1,078",0,0.085800086,4.804804805,14.8005148,6.778206778,0.214500215,4.375804376,68.94036894,31,2,66,12.2,11013,24731462,229,2297,9.97,Low Poverty,Non-Title I,4.2,1.4,0.0,99.0
Courtland High Spotsylvania County Public Schools,"1,011",539,"1,473",70,"1,546",4,"1,538",12,"1,359",191,751,797,2,0.129032258,4.451612903,23.61290323,20.19354839,0.064516129,7.612903226,43.93548387,38,1,59,17.5,11327,17275503,483,1527,31.63,Low Poverty,Non-Title I,7.3,6.3,2.1,92.6
Craig County High Craig County Public Schools,155,145,299,,296,4,291,,230,70,130,170,0,0.0,0.333333333,0.666666667,0.666666667,0.0,0.333333333,98.0,62,0,35,47.6,14118,4146407,106,294,36.05,Medium Poverty,Non-Title I,18.8,0.0,0.0,80.6
Culpeper County High Culpeper County Public Schools,705,497,"1,052",128,"1,197",5,"1,198",,"1,074",128,596,606,0,0.332778702,1.830282862,11.73044925,26.37271215,0.166389351,5.324459235,54.24292845,48,3,48,35.8,12261,14493019,479,1185,40.42,Medium Poverty,Non-Title I,8.5,7.7,1.7,88.4
Cumberland High Cumberland County Public Schools,169,202,361,,368,3,371,,325,46,171,200,0,0.0,0.269541779,37.73584906,5.121293801,0.0,7.008086253,49.86522911,40,2,56,71.0,15193,5566918,106,377,28.12,High Poverty,Non-Title I,4.9,2.4,0.0,89.3
Dan River High Pittsylvania County Public Schools,318,310,620,,620,8,627,,524,104,301,327,0,0.0,0.477707006,30.57324841,3.343949045,0.0,3.025477707,62.57961783,50,0,46,56.5,12221,7362236,158,599,26.38,Medium Poverty,Non-Title I,1.4,7.2,0.0,91.3
Deep Creek High Chesapeake City Public Schools,847,791,"1,582",46,"1,636",2,"1,637",,"1,349",289,851,784,3,0.305250305,2.808302808,39.68253968,12.21001221,0.244200244,8.424908425,36.32478632,36,2,59,46.0,14008,22351858,323,1602,20.16,Medium Poverty,Non-Title I,0.0,0.0,0.0,90.6
Deep Run High Henrico County Public Schools,"1,811",215,"1,965",28,"2,024",2,"2,023",,"1,860",166,920,"1,106",0,0.0,27.24580454,7.650542942,5.528134255,0.098716683,4.392892399,55.08390918,39,2,57,7.5,10092,19178963,182,2031,8.96,Low Poverty,Non-Title I,0.9,1.8,0.0,98.8
Denbigh High Newport News City Public Schools,427,784,"1,012",171,"1,211",,"1,192",19,992,219,502,705,4,0.082576383,2.477291495,50.04128819,21.63501239,0.247729149,5.615194055,19.90090834,32,1,54,76.4,15423,18064760,328,1180,27.8,High Poverty,Non-Title I,5.4,12.6,5.4,98.6
Dinwiddie County High Dinwiddie County Public Schools,512,785,"1,273",15,"1,292",5,"1,294",,"1,097",200,624,673,0,0.077101002,0.539707016,34.69545104,7.478797224,0.154202005,4.703161141,52.35158057,53,2,44,42.7,12042,15103272,471,1278,36.85,Medium Poverty,Non-Title I,9.6,5.3,2.1,90.4
Dominion High Loudoun County Public Schools,917,565,"1,250",199,"1,482",,"1,442",40,"1,314",168,689,790,3,0.607287449,15.45209177,5.600539811,35.35762483,0.067476383,4.318488529,38.59649123,22,4,72,30.2,19749,29263920,316,1463,21.6,Low Poverty,Non-Title I,7.1,1.3,0.6,96.1
Douglas S. Freeman High Henrico County Public Schools,"1,191",655,"1,650",148,"1,844",2,"1,838",,"1,643",203,929,917,0,0.216684724,6.825568797,13.9219935,15.16793066,0.0,4.929577465,58.93824485,29,0,70,31.1,10270,18539446,377,1851,20.37,Medium Poverty,Non-Title I,3.4,5.0,0.8,89.0
East Rockingham High Rockingham County Public Schools,426,335,737,18,756,5,757,,670,91,400,361,0,0.131406045,0.525624179,2.628120894,9.986859396,0.131406045,6.1760841,80.42049934,49,2,48,35.2,11976,8881301,311,744,41.8,Medium Poverty,Non-Title I,3.3,5.0,3.3,94.9
Eastern Montgomery High Montgomery County Public Schools,132,161,285,,286,7,291,,244,49,142,151,0,0.0,0.341296928,0.0,7.167235495,0.0,2.730375427,89.76109215,32,2,55,54.9,15632,4400616,78,276,28.26,Medium Poverty,Non-Title I,4.8,0.0,0.0,93.1
Eastern View High Culpeper County Public Schools,850,709,"1,392",142,"1,551",8,"1,557",,"1,437",122,769,790,0,0.320718409,1.73187941,14.81719051,26.36305324,0.0,7.504810776,49.26234766,51,2,38,40.6,10016,15406352,659,1532,43.02,Medium Poverty,Non-Title I,11.2,12.7,5.2,84.7
Eastside High Wise County Public Schools,153,231,384,,383,1,357,27,317,67,187,197,0,0.260416667,0.0,1.302083333,1.302083333,0.0,1.5625,95.57291667,48,0,48,52.7,12199,4509219,114,373,30.56,Medium Poverty,Non-Title I,0.0,0.0,0.0,94.1
Edison High Fairfax County Public Schools,"1,293",899,"1,792",276,"2,189",3,"2,187",,"1,874",318,"1,024","1,162",6,0.547445255,13.41240876,18.56751825,35.26459854,0.273722628,5.291970803,26.64233577,21,2,77,38.1,17947,39392636,355,2202,16.12,Medium Poverty,Non-Title I,3.0,10.2,1.2,96.3
Essex High Essex County Public Schools,186,322,493,,508,,499,,433,75,253,255,0,0.590551181,1.181102362,52.95275591,4.921259843,0.0,8.858267717,31.49606299,45,0,53,60.3,12580,6223234,182,501,36.33,Medium Poverty,Non-Title I,2.2,8.7,0.0,93.6
Fairfax High Fairfax County Public Schools,"1,592",716,"1,961",233,"2,303",5,"2,301",,"2,030",278,"1,095","1,212",1,0.606585789,23.09358752,9.835355286,26.34315425,0.129982669,5.719237435,34.27209705,22,2,75,24.3,17068,39204202,363,2310,15.71,Low Poverty,Non-Title I,2.4,12.1,1.2,94.0
Falls Church High Fairfax County Public Schools,822,"1,166","1,232",627,"1,981",7,"1,964",24,"1,657",331,933,"1,053",2,0.251509054,16.24748491,4.929577465,58.60160966,0.100603622,3.319919517,16.54929577,21,4,73,55.5,18728,37718384,463,2015,22.98,Medium Poverty,Non-Title I,4.0,14.1,1.1,89.8
Fauquier High Fauquier County Public Schools,952,274,"1,161",51,"1,226",,"1,221",,"1,050",176,597,628,1,0.326264274,2.120717781,7.993474715,17.53670473,0.0,6.199021207,65.82381729,40,2,52,19.2,15391,18409678,236,1192,19.8,Low Poverty,Non-Title I,0.9,12.0,0.0,95.3
First Colonial High Virginia Beach City Public Schools,"1,114",693,"1,761",38,"1,804",3,"1,799",,"1,600",207,902,905,0,0.332042059,2.379634754,17.10016602,12.8389596,0.055340343,8.19037078,59.10348644,43,3,52,30.8,12268,21767978,538,1792,30.02,Medium Poverty,Non-Title I,4.3,4.3,0.0,95.8
Floyd County High Floyd County Public Schools,466,292,739,13,755,3,756,,648,110,363,395,0,0.0,0.92348285,0.791556728,4.881266491,0.0,4.617414248,88.78627968,46,0,46,40.1,11912,8902829,183,743,24.63,Medium Poverty,Non-Title I,4.7,10.9,0.0,97.8
Floyd Kellam High Virginia Beach City Public Schools,"1,621",286,"1,898",,"1,904",3,"1,906",,"1,726",181,927,978,2,0.157315155,3.146303094,4.719454641,7.60356581,0.524383849,7.079181961,76.76979549,47,2,48,11.3,12150,22718034,285,1871,15.23,Low Poverty,Non-Title I,4.3,0.7,0.0,98.6
Fluvanna County High Fluvanna County Public Schools,899,554,"1,418",21,"1,447",6,"1,439",14,"1,263",190,729,724,0,0.137646249,0.412938747,13.48933242,8.327598073,0.206469374,7.639366827,69.78664831,44,2,49,31.6,12069,17348207,722,1448,49.86,Medium Poverty,Non-Title I,5.8,3.3,0.8,95.1
Forest Park High Prince William County Public Schools,"1,495",813,"2,105",140,"2,307",1,"2,300",,"2,039",269,943,"1,365",0,0.129982669,10.22530329,29.37608319,26.42980936,0.173310225,5.935875217,27.72963605,29,2,66,32.2,13145,30196239,538,2312,23.27,Medium Poverty,Non-Title I,11.9,4.9,0.7,95.7
Fort Chiswell High Wythe County Public Schools,276,182,458,,456,2,458,,400,58,235,223,0,0.0,0.218340611,0.655021834,1.528384279,0.0,1.310043668,96.28820961,66,0,27,41.0,12254,5306005,188,439,42.82,Medium Poverty,Non-Title I,5.1,7.7,2.6,94.7
Fort Defiance High Augusta County Public Schools,457,269,716,,724,2,721,,646,80,360,366,0,0.275482094,1.101928375,2.203856749,10.46831956,0.0,1.790633609,84.15977961,38,0,62,28.8,12765,9134047,117,723,16.18,Low Poverty,Non-Title I,2.9,1.4,0.0,97.9
Frank W. Cox High Virginia Beach City Public Schools,"1,208",512,"1,662",37,"1,717",3,"1,714",,"1,514",206,822,893,5,0.348837209,3.023255814,11.1627907,10.05813953,0.058139535,8.255813953,67.09302326,42,2,54,22.6,12752,21110686,432,1657,26.07,Low Poverty,Non-Title I,3.4,0.0,0.0,95.5
Franklin County High Franklin County Public Schools,"1,198",727,"1,904",,"1,920",5,"1,925",,"1,637",288,944,981,0,0.0,0.571428571,8.103896104,6.597402597,0.0,6.649350649,78.07792208,48,0,46,43.4,12036,22018283,344,1853,18.56,Medium Poverty,Non-Title I,5.0,5.0,0.0,87.8
Franklin High Franklin City Public Schools,96,201,293,,294,3,293,,249,48,125,172,0,0.0,0.673400673,76.09427609,1.346801347,0.336700337,4.04040404,17.50841751,38,3,38,100.0,18873,5420823,130,295,44.07,High Poverty,Non-Title I,0.0,26.9,0.0,86.6
Galax High Galax City Public Schools,170,204,316,40,371,3,372,,323,51,193,181,0,0.0,0.0,6.417112299,34.22459893,0.0,4.010695187,55.34759358,38,0,55,63.2,17370,6326623,85,363,23.42,Medium Poverty,Non-Title I,7.5,12.5,5.0,91.4
Galileo Magnet High Danville City Public Schools,241,10,244,,250,1,249,,232,19,136,115,0,0.398406375,4.780876494,36.25498008,9.561752988,0.0,0.398406375,48.60557769,46,0,50,100.0,18508,4569868,16,245,6.53,High Poverty,Non-Title I,4.8,14.3,4.8,100.0
Gar-Field High Prince William County Public Schools,744,"1,769","1,873",505,"2,513",,"2,505",,"2,154",359,"1,174","1,339",0,0.119379228,7.043374453,21.13012336,60.3660963,0.079586152,3.621169916,7.640270593,30,2,65,66.9,13192,32729759,1040,2476,42.0,High Poverty,Non-Title I,14.0,2.4,1.8,87.8
Gate City High Scott County Public Schools,,646,646,,638,8,646,,564,82,297,349,0,0.0,0.619195046,0.92879257,1.547987616,0.0,1.238390093,95.66563467,54,2,42,53.4,9057,5802863,166,641,25.9,Medium Poverty,Non-Title I,0.0,6.7,0.0,91.2
George Washington High Danville City Public Schools,"1,185",190,"1,340",23,"1,364",11,"1,359",16,"1,143",232,703,672,0,0.218181818,0.436363636,72.43636364,9.818181818,0.072727273,2.618181818,14.4,32,3,61,100.0,15879,20778407,536,1307,41.01,High Poverty,Non-Title I,6.7,5.6,3.3,76.0
George Wythe High Wythe County Public Schools,229,220,447,,446,3,449,,395,54,197,251,1,0.0,1.559020045,11.80400891,2.227171492,0.668151448,1.781737194,81.95991091,66,0,29,51.6,11837,5080873,140,432,32.41,Medium Poverty,Non-Title I,2.8,0.0,0.0,88.7
Giles High Giles County Public Schools,444,258,698,,701,1,702,,612,90,361,341,0,0.142450142,0.997150997,4.985754986,3.703703704,0.0,4.131054131,86.03988604,53,0,47,36.2,9662,6665560,123,683,18.01,Medium Poverty,Non-Title I,6.9,2.3,0.0,93.8
Glen Allen High Henrico County Public Schools,"1,538",506,"1,970",46,"2,039",5,"2,036",,"1,846",198,"1,027","1,017",0,0.097847358,12.47553816,17.12328767,7.28962818,0.048923679,6.311154599,56.65362035,34,2,61,18.5,10030,20158259,310,2043,15.17,Low Poverty,Non-Title I,2.5,1.7,0.0,98.1
Glenvar High Roanoke County Public Schools,449,174,616,,620,3,621,,512,111,287,335,1,0.0,2.407704655,2.889245586,4.173354735,0.160513644,2.728731942,87.64044944,44,2,51,24.5,12716,7820262,98,620,15.81,Low Poverty,Non-Title I,10.0,3.3,3.3,93.2
Gloucester High Gloucester County Public Schools,837,705,"1,520",10,"1,542",,"1,536",,"1,330",212,737,805,0,0.194552529,0.453955901,7.068741894,6.485084306,0.064850843,5.771725032,79.96108949,43,1,49,35.1,13015,19054852,238,1467,16.22,Medium Poverty,Non-Title I,2.3,0.8,0.0,91.8
Goochland High Goochland County Public Schools,624,240,848,11,860,4,864,,768,96,409,455,0,0.115740741,2.083333333,13.77314815,7.060185185,0.231481481,6.365740741,70.37037037,39,3,53,20.5,14054,11694085,128,862,14.85,Low Poverty,Non-Title I,4.2,5.6,0.0,96.7
Grafton High York County Public Schools,997,183,"1,137",23,"1,179",1,"1,170",10,"1,057",123,613,567,0,0.0,9.406779661,11.27118644,9.406779661,0.423728814,12.28813559,57.20338983,28,3,65,16.4,9509,11060918,162,1163,13.93,Low Poverty,Non-Title I,0.0,2.1,0.0,97.1
Graham High Tazewell County Public Schools,274,239,513,,512,1,511,,449,64,224,287,2,0.0,1.559454191,5.458089669,1.364522417,0.0,3.703703704,87.91423002,49,2,49,43.4,10228,5199480,149,509,29.27,Medium Poverty,Non-Title I,11.6,27.9,2.3,88.6
Granby High Norfolk City Public Schools,830,"1,033","1,779",68,"1,862",1,"1,840",23,"1,609",254,982,881,0,0.322061192,2.844873859,50.45625335,11.91626409,0.483091787,7.139023081,26.83843264,39,1,56,55.0,12355,22150520,466,1808,25.77,Medium Poverty,Non-Title I,4.9,1.4,0.0,83.0
Grassfield High Chesapeake City Public Schools,"1,926",368,"2,268",15,"2,291",3,"2,293",,"2,017",277,"1,104","1,185",5,0.392327812,5.100261552,16.34699215,11.76983435,0.130775937,9.241499564,57.01830863,37,1,55,12.6,11746,26620635,179,2286,7.83,Low Poverty,Non-Title I,3.2,0.0,0.0,97.6
Grayson County High Grayson County Public Schools,197,256,451,,450,3,451,,385,68,207,246,0,0.0,0.0,3.752759382,7.505518764,0.0,0.220750552,88.5209713,51,3,35,56.8,12272,5484826,75,446,16.82,Medium Poverty,Non-Title I,4.8,9.5,1.6,100.0
Great Bridge High Chesapeake City Public Schools,"1,236",404,"1,617",21,"1,636",4,"1,639",,"1,376",264,793,847,0,0.365853659,2.682926829,18.65853659,10.24390244,0.0,8.414634146,59.63414634,33,1,63,18.9,13083,21156313,216,1618,13.35,Low Poverty,Non-Title I,2.4,0.0,0.0,96.7
Green Run High Virginia Beach City Public Schools,504,967,"1,424",36,"1,464",7,"1,462",,"1,238",233,664,806,1,0.135961931,5.710401088,40.92454113,16.38341264,0.679809653,10.60503059,25.56084296,46,1,49,58.3,12674,18513499,387,1475,26.24,Medium Poverty,Non-Title I,1.8,1.8,0.0,94.4
Greensville County High Greensville County Public Schools,203,378,569,12,581,,580,,515,66,287,294,0,0.17211704,1.032702238,75.55938038,4.13080895,0.0,1.549053356,17.55593804,33,5,48,98.9,10341,5950347,154,589,26.15,High Poverty,Non-Title I,7.1,23.2,5.4,81.0
Gretna High Pittsylvania County Public Schools,248,306,549,,547,7,554,,485,69,259,295,0,0.0,0.180505415,30.68592058,3.249097473,0.0,1.263537906,64.62093863,49,2,48,61.4,12002,6511224,166,542,30.63,Medium Poverty,Non-Title I,6.9,1.7,0.0,91.1
Grundy High Buchanan County Public Schools,177,178,355,,350,5,355,,290,65,165,190,0,0.0,0.0,0.281690141,0.563380282,0.0,0.0,99.15492958,49,0,49,84.0,13044,4607980,150,354,42.37,High Poverty,Non-Title I,2.9,0.0,0.0,92.4
Halifax County High Halifax County Public Schools,698,732,"1,414",13,"1,421",9,"1,417",13,"1,175",255,707,723,0,0.13986014,0.909090909,42.93706294,2.937062937,0.0,3.286713287,49.79020979,49,1,45,84.6,12833,17780306,645,1410,45.74,High Poverty,Non-Title I,14.3,20.0,9.3,82.9
Hampton High Hampton City Public Schools,634,702,"1,312",18,"1,327",9,"1,325",11,"1,162",174,649,687,0,0.374251497,3.068862275,75.5239521,5.389221557,0.523952096,5.389221557,9.730538922,43,1,55,55.2,13147,17501512,344,1338,25.71,Medium Poverty,Non-Title I,1.9,0.0,0.0,95.6
Hanover High Hanover County Public Schools,"1,207",257,"1,453",,"1,464",,"1,464",,"1,287",177,750,714,0,0.341530055,2.663934426,7.650273224,3.893442623,0.0,4.644808743,80.80601093,34,2,60,14.3,11056,15769432,125,1441,8.67,Low Poverty,Non-Title I,5.4,9.8,1.8,98.2
Harrisonburg High Harrisonburg City Public Schools,756,"1,168","1,293",516,"1,919",5,"1,917",,"1,761",163,927,997,0,0.051975052,2.806652807,10.3950104,51.71517672,0.103950104,4.573804574,30.35343035,40,2,56,66.1,13071,24456998,660,1865,35.39,High Poverty,Non-Title I,0.0,7.7,0.0,86.7
Henrico High Henrico County Public Schools,514,900,"1,384",18,"1,400",14,"1,391",23,"1,179",235,777,637,0,0.0,9.618104668,70.65063649,4.59688826,0.0,3.889674682,11.2446959,35,2,60,51.2,12464,17298120,441,1413,31.21,Medium Poverty,Non-Title I,1.7,2.6,0.0,87.8
Heritage High Loudoun County Public Schools,"1,082",409,"1,307",155,"1,490",1,"1,455",36,"1,260",231,738,752,1,1.006036217,14.41985245,7.780013414,21.39503689,0.268276325,6.170355466,48.96042924,29,2,69,22.5,21257,31349152,282,1454,19.39,Low Poverty,Non-Title I,4.4,5.7,1.3,97.8
Heritage High Lynchburg City Public Schools,450,616,"1,037",24,"1,035",31,"1,060",,933,133,515,551,0,0.187617261,1.782363977,50.9380863,8.348968105,0.0,10.31894934,28.42401501,42,2,50,61.6,12965,13469381,365,1025,35.61,Medium Poverty,Non-Title I,5.0,20.7,0.8,81.4
Heritage High Newport News City Public Schools,335,834,"1,159",,"1,165",4,"1,165",,942,227,544,624,1,0.342172797,1.026518392,79.46963216,7.52780154,0.256629598,4.96150556,6.415739949,42,0,37,76.5,15665,17416525,595,1128,52.75,High Poverty,Non-Title I,2.2,15.1,2.2,96.2
Hermitage High Henrico County Public Schools,537,"1,085","1,430",153,"1,614",8,"1,610",12,"1,344",278,754,868,0,0.369913687,5.42540074,41.4919852,19.48212084,0.061652281,5.672009864,27.49691739,46,2,51,54.0,11493,18277551,481,1615,29.78,Medium Poverty,Non-Title I,3.4,4.3,0.0,83.8
Herndon High Fairfax County Public Schools,"1,142","1,178","1,522",679,"2,315",5,"2,282",38,"1,946",374,"1,077","1,241",2,0.25862069,9.568965517,6.637931034,49.43965517,0.043103448,3.836206897,30.21551724,23,2,74,44.9,17877,41404066,495,2328,21.26,Medium Poverty,Non-Title I,0.5,11.2,0.0,89.5
Hickory High Chesapeake City Public Schools,"1,412",202,"1,598",,"1,614",,"1,614",,"1,328",286,806,808,0,0.247831475,1.982651797,4.894671623,9.045848823,0.061957869,6.815365551,76.95167286,37,0,60,8.0,13913,22178794,92,1608,5.72,Low Poverty,Non-Title I,4.1,0.8,0.0,98.2
Hidden Valley High Roanoke County Public Schools,664,157,807,,818,3,820,,730,91,389,432,0,0.12180268,5.602923264,5.237515225,6.455542022,0.0,5.115712546,77.46650426,26,1,72,15.8,11950,9699542,159,818,19.44,Low Poverty,Non-Title I,7.4,1.5,0.0,97.4
Highland High Highland County Public Schools,50,36,85,,86,,86,,75,11,43,43,0,0.0,0.0,0.0,0.561797753,0.0,1.123595506,46.62921348,67,0,29,59.8,24291,2217050,29,93,31.18,Medium Poverty,Title I,5.0,35.0,0.0,94.1
Highland Springs High Henrico County Public Schools,681,"1,342","1,961",48,"2,016",7,"2,004",19,"1,685",338,945,"1,078",0,0.296589224,1.038062284,79.93079585,7.612456747,0.148294612,2.965892239,8.007909046,38,2,56,59.6,10078,20130246,788,2041,38.61,Medium Poverty,Non-Title I,2.5,5.9,0.0,86.0
Holston High Washington County Public Schools,142,130,272,,272,,272,,218,54,137,135,0,0.0,0.367647059,0.367647059,2.573529412,0.0,2.573529412,94.11764706,44,0,56,63.1,14366,3795697,82,258,31.78,Medium Poverty,Non-Title I,2.6,5.1,0.0,95.4
Honaker High Russell County Public Schools,192,269,461,,459,2,461,,401,60,213,248,0,0.433839479,0.0,0.433839479,0.433839479,0.0,0.867678959,97.8308026,55,2,42,62.1,11769,5399129,154,461,33.41,Medium Poverty,Non-Title I,0.0,3.8,0.0,90.6
Hopewell High Hopewell City Public Schools,171,996,"1,110",35,"1,166",1,"1,164",,982,185,566,601,0,0.685518423,1.199657241,60.75407027,10.53984576,0.0,1.113967438,25.70694087,42,1,49,98.7,14609,16361183,358,1193,30.01,High Poverty,Non-Title I,2.2,17.4,0.0,93.0
Hurley High Buchanan County Public Schools,81,122,203,,199,4,203,,168,35,107,96,0,0.0,0.492610837,0.492610837,0.492610837,0.0,0.0,98.52216749,48,0,52,84.2,12732,2592135,41,201,20.4,High Poverty,Non-Title I,0.0,0.0,0.0,90.4
I.C. Norcom High Portsmouth City Public Schools,389,702,"1,091",,"1,086",5,"1,077",14,916,175,541,550,0,0.274977085,0.274977085,88.90925756,3.849679193,0.091659028,2.199816682,4.399633364,45,3,41,100.0,13913,14138776,423,977,43.3,High Poverty,Non-Title I,0.9,10.3,0.9,80.5
Independence High Loudoun County Public Schools,"1,660",169,"1,772",36,"1,827",2,"1,819",10,"1,668",161,898,928,3,0.492072171,35.64789502,6.451612903,7.49043193,0.054674686,5.959540733,43.90377255,25,1,74,7.7,16745,30531232,241,1819,13.25,Low Poverty,Non-Title I,7.2,5.3,0.7,99.1
Indian River High Chesapeake City Public Schools,786,909,"1,659",23,"1,687",8,"1,693",,"1,352",343,830,863,2,0.17699115,2.831858407,49.85250737,12.03539823,0.05899705,7.84660767,27.19764012,40,2,55,45.2,13238,22047553,316,1665,18.98,Medium Poverty,Non-Title I,5.4,0.8,0.0,91.3
James Monroe High Fredericksburg City Public Schools,647,380,886,118,"1,022",5,"1,006",21,914,113,496,531,0,0.194741967,4.868549172,35.63777994,23.75851996,0.194741967,6.523855891,28.8218111,33,2,61,42.6,15438,15513781,247,1029,24.0,Medium Poverty,Non-Title I,9.8,6.5,2.2,84.4
James River High Botetourt County Public Schools,370,106,473,,475,1,473,,417,59,218,258,0,0.0,0.420168067,1.050420168,2.521008403,0.0,2.31092437,93.69747899,33,2,55,24.3,12506,5785796,41,461,8.89,Low Poverty,Non-Title I,0.0,10.3,0.0,97.6
James River High Chesterfield County Public Schools,"1,443",477,"1,663",109,"1,914",6,"1,907",13,"1,699",221,955,965,0,0.052083333,4.375,14.79166667,18.02083333,0.0,5.260416667,57.5,41,2,56,28.0,11458,20938937,429,1888,22.72,Low Poverty,Non-Title I,3.7,2.2,0.0,95.3
James Wood High Frederick County Public Schools,964,474,"1,416",17,"1,436",2,"1,431",,"1,225",213,692,746,0,0.208623088,1.112656467,2.712100139,11.05702364,0.139082058,2.781641168,81.98887344,41,1,55,25.8,12950,18276424,337,1409,23.92,Low Poverty,Non-Title I,0.8,3.9,0.8,95.3
Jamestown High Williamsburg-James City County Public Schools,943,294,"1,185",41,"1,236",1,"1,228",,"1,089",148,602,634,1,0.161681487,2.748585287,9.781729992,15.5214228,0.080840744,6.628940986,65.07679871,28,2,66,17.9,13512,15723668,252,1220,20.66,Low Poverty,Non-Title I,5.7,4.9,1.6,96.4
Jefferson Forest High Bedford County Public Schools,"1,030",253,"1,247",,"1,277",6,"1,283",,"1,171",112,638,645,0,0.077942323,3.663289166,7.404520655,4.36477007,0.077942323,4.988308652,79.42322681,46,1,49,16.9,11249,14360378,147,1281,11.48,Low Poverty,Non-Title I,4.4,5.5,0.0,97.6
John Champe High Loudoun County Public Schools,"1,371",319,"1,589",61,"1,689",1,"1,679",11,"1,529",161,829,861,0,0.355029586,39.52662722,10.88757396,9.940828402,0.236686391,5.976331361,33.07692308,23,2,75,11.8,18428,31179211,270,1690,15.98,Low Poverty,Non-Title I,2.5,3.8,0.6,99.0
John Handley High Winchester City Public Schools,557,786,"1,110",187,"1,340",3,"1,317",26,"1,136",207,619,724,0,0.819061802,2.53164557,9.828741623,38.34698436,0.148920328,6.701414743,41.62323157,28,2,62,50.8,15433,20334227,510,1319,38.67,Medium Poverty,Non-Title I,9.0,11.7,5.4,86.9
John Randolph Tucker High Henrico County Public Schools,849,987,"1,522",262,"1,826",10,"1,826",10,"1,608",228,938,898,0,0.217864924,15.1416122,23.80174292,25.65359477,0.054466231,5.22875817,29.90196078,30,2,66,46.2,10788,19887546,518,1856,27.91,Medium Poverty,Non-Title I,3.3,2.5,0.0,82.8
John S. Battle High Washington County Public Schools,425,227,652,,648,4,651,,563,89,336,316,0,0.153374233,0.153374233,0.460122699,2.45398773,0.0,2.300613497,94.47852761,42,1,53,38.7,10585,6631594,164,614,26.71,Medium Poverty,Non-Title I,1.4,4.2,0.0,92.1
Justice High Fairfax County Public Schools,728,"1,499","1,273",829,"2,222",5,"2,192",35,"1,848",379,"1,055","1,169",3,0.089806915,10.59721599,9.564436462,55.18634935,0.0,1.751234845,22.81095644,27,2,70,63.4,17821,39951458,471,2249,20.94,Medium Poverty,Non-Title I,4.6,11.7,0.5,84.6
Kecoughtan High Hampton City Public Schools,965,647,"1,595",,"1,604",8,"1,602",10,"1,411",201,823,789,0,0.310173697,2.29528536,43.48635236,8.00248139,0.124069479,8.00248139,37.77915633,51,4,41,39.6,11945,18921278,356,1580,22.53,Medium Poverty,Non-Title I,2.6,0.9,0.0,97.8
Kempsville High Virginia Beach City Public Schools,"1,027",909,"1,866",58,"1,936",,"1,911",25,"1,719",217,914,"1,020",2,0.361570248,3.409090909,25.98140496,13.84297521,0.671487603,9.555785124,46.17768595,46,1,48,36.6,11608,22014387,544,1903,28.59,Medium Poverty,Non-Title I,4.7,5.4,0.8,95.8
Kettle Run High Fauquier County Public Schools,"1,055",106,"1,144",11,"1,160",1,"1,160",,"1,007",154,547,614,0,0.0,2.583979328,3.617571059,11.2833764,0.172265289,4.048234281,78.29457364,38,2,50,10.6,14424,16383470,137,1123,12.2,Low Poverty,Non-Title I,3.8,26.7,1.0,97.6
King George High King George County Public Schools,"1,085",370,"1,431",16,"1,450",5,"1,453",,"1,296",159,696,759,0,0.618556701,1.305841924,17.11340206,9.140893471,0.068728522,7.422680412,64.32989691,39,2,46,27.2,11203,15643197,305,1391,21.93,Low Poverty,Non-Title I,8.0,25.0,5.0,93.0
King William High King William County Public Schools,420,260,673,,679,1,674,,584,96,319,361,0,1.029411765,0.294117647,14.70588235,3.529411765,0.0,4.411764706,76.02941176,48,0,48,29.7,12168,8081518,192,674,28.49,Low Poverty,Non-Title I,0.0,3.8,0.0,92.6
King's Fork High Suffolk City Public Schools,986,689,"1,651",17,"1,675",,"1,668",,"1,412",263,810,865,0,0.179104478,1.253731343,65.67164179,6.626865672,0.298507463,5.432835821,20.53731343,52,1,41,43.5,11754,19263967,633,1647,38.43,Medium Poverty,Non-Title I,3.3,6.6,0.8,82.4
Lafayette High Williamsburg-James City County Public Schools,711,426,"1,085",46,"1,134",3,"1,116",21,964,173,555,580,2,0.175901495,2.990325418,22.77924362,13.98416887,0.263852243,7.387862797,52.41864556,31,3,63,33.5,14034,15181273,264,1105,23.89,Medium Poverty,Non-Title I,4.2,2.5,1.7,95.4
Lakeland High Suffolk City Public Schools,595,490,"1,080",,"1,082",3,"1,077",,915,170,571,514,0,0.460829493,0.829493088,62.30414747,3.041474654,0.092165899,2.949308756,30.32258065,45,0,48,48.3,13097,13854163,496,1053,47.1,Medium Poverty,Non-Title I,2.2,5.6,1.1,79.1
Lancaster High Lancaster County Public Schools,135,219,353,,354,,351,,294,60,164,190,0,0.282485876,0.564971751,50.0,1.129943503,0.0,4.519774011,43.50282486,50,0,44,53.1,16543,5634889,95,343,27.7,Medium Poverty,Non-Title I,6.3,3.1,0.0,92.6
Landstown High Virginia Beach City Public Schools,"1,292",905,"2,153",28,"2,197",,"2,193",,"1,972",225,957,"1,240",0,0.227583068,12.19845244,26.58170232,12.65361857,0.728265817,11.83431953,35.77605826,40,1,57,33.5,11800,25775747,377,2189,17.22,Medium Poverty,Non-Title I,7.1,0.7,0.0,93.0
Langley High Fairfax County Public Schools,"1,981",68,"1,985",39,"2,049",,"2,049",,"1,871",178,996,"1,053",0,0.244021474,27.37920937,1.561737433,7.125427038,0.048804295,7.467057101,56.17374329,19,5,76,2.1,15711,31944194,184,2032,9.06,Low Poverty,Non-Title I,1.5,7.5,0.0,99.8
Lebanon High Russell County Public Schools,240,346,582,,583,3,586,,510,76,286,300,0,0.170648464,0.170648464,0.682593857,1.706484642,0.0,1.023890785,96.24573379,64,1,33,49.7,11412,6580482,149,578,25.78,Medium Poverty,Non-Title I,0.0,4.7,0.0,89.5
Lee High Lee County Public Schools,280,512,790,,764,28,788,,676,116,370,422,0,0.0,0.252525253,0.883838384,1.641414141,0.0,0.378787879,96.84343434,50,3,35,94.5,11382,8817949,307,768,39.97,High Poverty,Non-Title I,5.6,14.0,5.6,84.3
Lewis High Fairfax County Public Schools,636,"1,070","1,158",406,"1,706",,"1,700",,"1,417",289,805,899,2,0.351699883,23.3880422,12.1922626,47.94841735,0.175849941,2.579132474,13.36459555,22,2,73,55.2,18808,32306664,430,1727,24.9,Medium Poverty,Non-Title I,2.6,11.8,1.3,93.7
Liberty High Bedford County Public Schools,369,344,710,,708,5,713,,600,113,354,359,0,0.280504909,0.981767181,12.76297335,2.103786816,0.0,3.927068724,79.94389902,45,0,51,48.7,13023,9160775,194,705,27.52,Medium Poverty,Non-Title I,4.5,1.5,0.0,91.9
Liberty High Fauquier County Public Schools,923,430,"1,214",113,"1,350",3,"1,351",,"1,138",215,639,714,0,0.07390983,1.33037694,10.19955654,29.85957132,0.0,4.95195861,53.58462676,37,1,58,35.3,13653,17959478,320,1315,24.33,Medium Poverty,Non-Title I,8.2,18.0,4.9,93.9
Lloyd C. Bird High Chesterfield County Public Schools,"1,000",820,"1,527",125,"1,820",,"1,803",17,"1,549",271,795,"1,025",0,0.054945055,2.582417582,40.0,23.84615385,0.054945055,4.450549451,29.01098901,37,2,60,46.0,11629,20344220,557,1786,31.19,Medium Poverty,Non-Title I,10.2,4.7,1.6,91.9
Lord Botetourt High Botetourt County Public Schools,801,208,997,10,"1,005",4,"1,005",,909,100,488,521,0,0.198216056,1.585728444,2.576808722,5.946481665,0.0,5.054509415,84.6382557,39,2,49,18.9,11094,10882028,98,978,10.02,Low Poverty,Non-Title I,0.0,8.2,0.0,94.2
Loudoun County High Loudoun County Public Schools,"1,141",363,"1,378",105,"1,503",1,"1,484",20,"1,289",215,716,785,3,0.598404255,6.914893617,5.585106383,22.14095745,0.0,5.651595745,59.10904255,23,1,76,17.9,20012,30073981,367,1511,24.29,Low Poverty,Non-Title I,2.7,2.7,0.0,97.0
Loudoun Valley High Loudoun County Public Schools,"1,066",176,"1,207",26,"1,242",,"1,239",,"1,032",210,539,701,2,0.080515298,3.46215781,3.140096618,11.03059581,0.0,5.072463768,77.21417069,25,3,71,8.7,20160,25021747,236,1238,19.06,Low Poverty,Non-Title I,2.6,4.3,0.9,99.5
Louisa County High Louisa County Public Schools,843,799,"1,611",19,"1,629",13,"1,634",,"1,331",311,813,829,0,0.12180268,1.096224117,16.32155907,6.090133983,0.12180268,7.30816078,68.94031669,51,0,42,39.9,13852,22161048,170,1621,10.49,Medium Poverty,Non-Title I,8.7,1.6,0.0,95.4
Luray High Page County Public Schools,286,217,496,,501,2,498,,423,80,235,267,1,0.198807157,0.795228628,4.373757455,3.777335984,0.198807157,2.982107356,87.67395626,48,2,46,48.5,12052,5972357,154,502,30.68,Medium Poverty,Non-Title I,12.2,4.1,0.0,98.4
Madison County High Madison County Public Schools,303,256,553,,555,4,554,,510,49,261,298,0,0.178890877,0.0,8.050089445,4.114490161,0.0,4.114490161,83.54203936,50,4,39,40.8,13134,7165689,133,549,24.23,Medium Poverty,Non-Title I,4.5,2.3,0.0,96.6
Madison High Fairfax County Public Schools,"1,969",244,"2,080",99,"2,213",,"2,209",,"1,916",297,"1,101","1,111",1,0.045187528,15.45413466,1.53637596,13.87257117,0.0,8.269317668,60.82241301,22,2,75,9.9,16594,36621669,328,2211,14.83,Low Poverty,Non-Title I,2.5,13.1,0.6,98.1
Magna Vista High Henry County Public Schools,509,574,"1,053",21,"1,073",10,"1,074",,932,151,512,571,0,0.092336103,0.646352724,28.71652816,13.29639889,0.092336103,5.447830102,51.70821791,48,0,46,88.6,10873,11706980,288,1086,26.52,High Poverty,Non-Title I,3.2,5.3,1.1,91.9
Manassas Park High Manassas Park City Public Schools,581,541,806,236,"1,122",,"1,120",,"1,006",116,533,589,0,0.0,5.525846702,8.645276292,67.64705882,0.0,5.080213904,13.10160428,38,0,59,57.9,12469,13728459,369,1102,33.48,Medium Poverty,Non-Title I,6.8,6.8,2.7,90.2
Manchester High Chesterfield County Public Schools,"1,560",654,"2,009",71,"2,214",,"2,207",,"1,860",354,"1,041","1,173",0,0.180668473,2.393857272,29.13279133,16.30532972,0.135501355,5.149051491,46.70280036,39,0,59,28.6,12178,25846697,512,2156,23.75,Low Poverty,Non-Title I,7.2,3.6,1.2,93.8
Manor High Portsmouth City Public Schools,575,685,"1,230",26,"1,254",6,"1,245",15,"1,098",162,605,655,0,0.079365079,0.714285714,64.92063492,5.873015873,0.238095238,4.761904762,23.41269841,47,3,46,64.4,13343,16290107,613,1205,50.87,Medium Poverty,Non-Title I,5.3,3.8,0.8,79.2
Marion Senior High Smyth County Public Schools,315,329,638,,637,7,643,,541,103,305,338,1,0.0,0.465838509,2.173913043,3.105590062,0.155279503,1.086956522,93.01242236,52,0,47,77.7,11802,7460745,192,635,30.24,High Poverty,Non-Title I,5.3,13.3,4.0,91.4
Marshall High Fairfax County Public Schools,"1,619",454,"1,800",196,"2,073",,"2,063",10,"1,782",291,941,"1,128",4,0.1447178,20.06753497,7.042932947,21.12879884,0.0,6.657018813,44.95899662,25,4,70,20.1,17183,35692811,346,2090,16.56,Low Poverty,Non-Title I,2.5,10.8,0.0,95.0
Martinsville High Martinsville City Public Schools,156,400,518,26,554,2,556,,496,60,289,267,0,0.35971223,1.798561151,55.03597122,14.20863309,0.0,7.374100719,21.22302158,52,2,42,100.0,13620,7392155,177,550,32.18,High Poverty,Non-Title I,6.1,14.3,4.1,83.2
Massaponax High Spotsylvania County Public Schools,"1,024",685,"1,607",93,"1,703",6,"1,686",23,"1,468",241,808,899,2,0.058513751,2.808660035,26.15564658,20.88940901,0.117027501,6.319485079,43.65125805,46,1,50,33.0,12309,20384240,620,1661,37.33,Medium Poverty,Non-Title I,13.3,10.8,5.8,89.3
Mathews High Mathews County Public Schools,159,134,292,,293,,290,,248,45,154,139,0,0.0,0.341296928,7.167235495,3.412969283,0.0,4.778156997,84.3003413,45,0,50,42.6,18575,5316997,98,289,33.91,Medium Poverty,Non-Title I,0.0,2.8,0.0,95.6
Matoaca High Chesterfield County Public Schools,"1,111",541,"1,596",25,"1,651",1,"1,641",11,"1,427",225,799,853,0,0.242130751,1.02905569,39.89104116,8.535108959,0.121065375,4.9031477,45.27845036,43,3,51,32.9,12062,18869244,427,1612,26.49,Medium Poverty,Non-Title I,2.4,4.0,1.6,93.0
McLean High Fairfax County Public Schools,"2,103",265,"2,169",98,"2,368",,"2,364",,"2,102",266,"1,161","1,204",3,0.168918919,25.33783784,4.307432432,12.28885135,0.04222973,6.334459459,51.52027027,20,2,78,9.0,15638,37146548,283,2373,11.93,Low Poverty,Non-Title I,5.1,9.6,1.9,99.2
Meadowbrook High Chesterfield County Public Schools,"1,017","1,075","1,389",369,"2,092",,"2,082",10,"1,865",227,"1,016","1,076",0,0.095602294,1.38623327,42.49521989,47.13193117,0.143403442,2.485659656,6.261950287,42,2,49,58.1,11072,22591794,1088,2086,52.16,Medium Poverty,Non-Title I,10.3,7.7,4.5,82.1
Mechanicsville High Hanover County Public Schools,938,401,"1,311",19,"1,339",,"1,337",,"1,141",198,632,707,0,0.298730396,2.16579537,9.036594473,5.675877521,0.074682599,5.00373413,77.74458551,27,1,71,20.0,11648,15264397,124,1336,9.28,Low Poverty,Non-Title I,8.4,3.7,1.9,97.8
Menchville High Newport News City Public Schools,"1,000",733,"1,566",153,"1,732",1,"1,710",23,"1,488",245,796,935,2,0.230813618,3.866128102,34.44893249,18.06116561,0.288517023,6.520484709,36.58395845,32,0,50,76.5,13663,23353911,334,1719,19.43,High Poverty,Non-Title I,2.4,17.5,2.4,98.6
Meridian High Falls Church City Public Schools,766,83,806,24,847,2,849,,749,100,417,431,1,0.0,7.067137809,4.004711425,14.25206125,0.0,10.60070671,64.0753828,19,3,76,0.0,24193,20332183,90,859,10.48,Medium Poverty,Non-Title I,5.6,5.6,0.0,99.1
Middlesex High Middlesex County Public Schools,150,185,332,,335,,335,,282,53,158,177,0,0.298507463,0.298507463,17.31343284,4.47761194,0.0,2.985074627,74.62686567,46,0,46,36.6,17717,5742861,92,335,27.46,Medium Poverty,Non-Title I,3.0,18.2,3.0,94.0
Midlothian High Chesterfield County Public Schools,"1,785",209,"1,915",22,"1,994",,"1,992",,"1,755",239,"1,005",989,0,0.250752257,6.168505517,10.53159478,5.516549649,0.250752257,4.162487462,73.11935807,45,3,50,10.9,11446,21952136,304,1999,15.21,Low Poverty,Non-Title I,6.4,2.1,0.7,98.5
Millbrook High Frederick County Public Schools,863,659,"1,389",107,"1,520",2,"1,498",24,"1,323",199,779,743,0,0.131406045,2.431011827,6.044678055,33.63994744,0.0,3.94218134,53.8107753,39,3,55,34.1,12306,18398321,475,1483,32.03,Medium Poverty,Non-Title I,1.6,2.3,0.8,92.9
Mills E. Godwin High Henrico County Public Schools,"1,449",407,"1,776",54,"1,853",3,"1,856",,"1,658",198,901,955,0,0.05387931,15.24784483,8.836206897,7.596982759,0.05387931,5.172413793,63.0387931,36,2,62,16.0,10383,18659348,321,1861,17.25,Low Poverty,Non-Title I,0.9,0.0,0.0,96.7
Monacan High Chesterfield County Public Schools,"1,122",490,"1,446",56,"1,598",14,"1,605",,"1,427",185,848,764,0,0.310173697,4.032258065,24.37965261,15.01240695,0.124069479,3.908188586,52.23325062,40,2,57,30.0,11610,18086731,397,1586,25.03,Low Poverty,Non-Title I,6.2,8.8,1.8,95.7
Monticello High Albemarle County Public Schools,841,379,"1,147",59,"1,219",1,"1,216",,"1,048",172,611,609,0,0.081967213,2.786885246,11.14754098,16.8852459,0.163934426,7.131147541,61.80327869,32,3,61,29.5,15384,18438565,267,1196,22.32,Low Poverty,Non-Title I,5.6,2.4,0.8,93.5
Mount Vernon High Fairfax County Public Schools,767,"1,201","1,425",439,"1,962",6,"1,956",12,"1,583",385,949,"1,019",0,0.203252033,5.030487805,22.96747967,51.32113821,0.406504065,3.25203252,16.81910569,24,3,72,58.3,18828,36626913,526,1947,27.02,Medium Poverty,Non-Title I,2.8,15.3,1.1,90.4
Mountain View High Fairfax County Public Schools,49,105,45,108,152,2,147,,137,17,71,82,1,0.0,10.38961039,7.142857143,69.48051948,0.0,0.0,12.98701299,15,2,83,45.3,43768,6765154,102,149,68.46,Medium Poverty,Non-Title I,2.6,7.9,0.0,62.9
Mountain View High Shenandoah County Public Schools,341,259,552,31,597,3,599,,505,95,290,308,2,0.166666667,0.5,1.666666667,18.0,0.0,2.333333333,77.33333333,30,2,67,44.1,13492,8033519,232,596,38.93,Medium Poverty,Non-Title I,1.9,7.4,0.0,94.1
Nandua High Accomack County Public Schools,391,261,581,40,650,2,633,19,552,100,301,351,0,0.0,1.380368098,40.03067485,20.70552147,0.0,0.766871166,37.11656442,42,0,49,91.0,12317,7898977,139,644,21.58,High Poverty,Non-Title I,3.4,15.5,1.7,85.8
Nansemond River High Suffolk City Public Schools,"1,288",374,"1,649",,"1,660",2,"1,662",,"1,472",190,824,838,0,0.240673887,2.346570397,48.73646209,8.363417569,0.481347774,6.197352587,33.63417569,45,2,49,23.8,11630,18943263,469,1648,28.46,Low Poverty,Non-Title I,0.9,2.6,0.0,92.6
Narrows High Giles County Public Schools,284,142,426,,426,,426,,359,67,224,202,0,0.0,1.643192488,6.807511737,7.511737089,0.234741784,3.755868545,80.04694836,43,0,57,47.7,10890,4685826,39,438,8.9,Medium Poverty,Non-Title I,7.5,3.8,0.0,87.3
Nelson County High Nelson County Public Schools,228,317,536,,544,1,545,,449,96,255,290,0,0.366972477,0.0,13.94495413,7.339449541,0.0,5.871559633,72.47706422,31,3,59,46.2,17093,8967674,198,530,37.36,Medium Poverty,Non-Title I,7.0,8.8,1.8,92.5
North Stafford High Stafford County Public Schools,"1,243",622,"1,662",150,"1,862",3,"1,863",,"1,600",265,895,969,1,0.107238606,3.485254692,25.4155496,33.78016086,0.321715818,7.024128686,29.86595174,42,1,44,40.7,12479,21986583,372,1827,20.36,Medium Poverty,Non-Title I,7.1,17.1,5.0,93.9
Northampton High Northampton County Public Schools,85,341,383,31,425,1,390,36,347,79,197,229,0,0.704225352,0.938967136,39.6713615,24.88262911,0.0,4.225352113,29.57746479,57,2,34,72.1,16309,6730848,173,427,40.52,High Poverty,Non-Title I,19.5,4.9,4.9,89.9
Northside High Roanoke County Public Schools,566,347,881,25,897,16,912,,779,134,454,458,1,0.109529025,6.790799562,17.52464403,10.51478642,0.0,7.228915663,57.8313253,39,0,59,35.9,11639,10344115,172,900,19.11,Medium Poverty,Non-Title I,10.1,1.3,1.3,94.1
Northumberland High Northumberland County Public Schools,192,169,357,,361,,360,,303,58,166,195,0,0.0,0.55401662,38.22714681,7.479224377,0.27700831,2.493074792,50.96952909,32,5,59,77.9,17360,6307023,113,362,31.22,High Poverty,Non-Title I,2.4,2.4,2.4,95.1
Northwood High Smyth County Public Schools,113,129,241,,240,2,242,,199,43,108,134,0,0.41322314,0.826446281,1.239669421,2.479338843,0.0,0.41322314,94.62809917,52,0,48,75.8,13617,3257685,47,240,19.58,High Poverty,Non-Title I,7.5,7.5,5.0,98.4
Norview High Norfolk City Public Schools,838,"1,051","1,743",125,"1,888",1,"1,865",24,"1,668",221,892,997,0,0.63525675,3.176283748,53.04393859,15.24616199,0.264690312,7.411328745,20.22233986,41,3,50,56.8,12060,22439636,356,1871,19.03,Medium Poverty,Non-Title I,3.8,5.3,0.0,92.7
Nottoway High Nottoway County Public Schools,242,322,541,17,562,2,563,,488,76,264,299,1,0.531914894,0.531914894,44.5035461,7.269503546,0.0,4.078014184,43.08510638,54,2,42,90.9,12923,7051223,151,541,27.91,High Poverty,Non-Title I,3.6,8.9,1.8,85.6
Oakton High Fairfax County Public Schools,"2,286",352,"2,418",132,"2,637",1,"2,633",,"2,351",287,"1,255","1,380",3,0.189537528,30.6671721,5.724033359,11.25852919,0.303260045,7.088703563,44.76876422,28,2,68,10.9,15413,40656981,384,2638,14.56,Low Poverty,Non-Title I,3.9,7.2,0.0,97.9
Ocean Lakes High Virginia Beach City Public Schools,"1,342",637,"1,949",20,"1,979",,"1,977",,"1,767",212,921,"1,057",1,0.050530571,8.034360788,13.54219303,11.6725619,0.454775139,10.91460334,55.33097524,45,1,51,26.9,12733,24387686,415,1931,21.49,Low Poverty,Non-Title I,1.5,3.0,0.0,97.4
Osbourn High Manassas City Public Schools,"1,449",819,"1,563",520,"2,263",5,"2,264",,"1,992",276,"1,102","1,165",1,0.220458554,3.703703704,9.347442681,69.17989418,0.0,4.497354497,13.05114638,29,2,65,51.8,14376,32454391,684,2270,30.13,Medium Poverty,Non-Title I,1.9,22.8,1.9,82.6
Osbourn Park High Prince William County Public Schools,"1,568","1,189","2,348",315,"2,756",1,"2,752",,"2,537",220,"1,434","1,323",0,0.217627856,14.79869423,17.26514327,38.73775843,0.326441785,4.715270221,23.9390642,29,1,68,34.9,12353,33974171,820,2768,29.62,Medium Poverty,Non-Title I,15.5,3.6,0.0,92.7
Oscar F. Smith High Chesapeake City Public Schools,815,"1,453","2,174",82,"2,255",13,"2,257",11,"1,809",459,"1,113","1,154",1,0.176366843,2.601410935,56.43738977,13.58024691,0.440917108,7.010582011,19.75308642,38,3,56,57.9,12942,28778450,771,2225,34.65,Medium Poverty,Non-Title I,2.8,0.6,0.0,93.1
Page County High Page County Public Schools,313,239,546,,544,8,552,,508,44,268,284,0,0.18115942,0.362318841,1.086956522,4.891304348,0.0,1.992753623,91.48550725,46,5,46,46.6,11743,6407732,188,545,34.5,Medium Poverty,Non-Title I,7.9,6.3,0.0,99.2
Park View High Loudoun County Public Schools,337,"1,072",863,474,"1,408",1,"1,265",144,"1,224",185,665,743,1,0.993612491,10.50390348,5.180979418,70.75940383,0.070972321,1.916252661,10.5748758,27,2,68,66.3,21854,30919565,461,1413,32.63,High Poverty,Title I,8.8,8.1,3.1,88.2
Parry McCluer High Buena Vista City Public Schools,192,153,344,,345,,345,,291,54,160,185,0,0.869565217,0.0,5.797101449,2.028985507,0.0,2.898550725,88.4057971,43,0,50,50.4,13650,4613527,117,344,34.01,Medium Poverty,Non-Title I,3.8,23.1,0.0,91.2
Patrick County High Patrick County Public Schools,456,411,845,15,866,1,829,38,744,123,412,455,0,0.115340254,0.692041522,5.074971165,9.803921569,0.0,3.921568627,80.39215686,48,1,46,69.1,12793,10444934,160,788,20.3,High Poverty,Non-Title I,1.3,6.4,0.0,94.5
Patrick Henry High Hanover County Public Schools,879,471,"1,311",32,"1,350",,"1,346",,"1,163",187,612,737,1,0.074074074,1.62962963,12.22222222,11.55555556,0.0,4.888888889,69.62962963,33,3,65,27.1,12146,15761335,204,1326,15.38,Low Poverty,Non-Title I,6.7,4.8,1.0,92.2
Patrick Henry High Roanoke City Public Schools,973,"1,066","1,934",80,"2,018",21,"2,003",36,"1,706",333,"1,013","1,022",4,0.098087298,1.814615007,37.22412948,9.269249632,0.0,3.38401177,48.20990682,37,1,50,100.0,13405,26585418,736,2014,36.54,High Poverty,Non-Title I,3.5,4.9,0.7,91.3
Patrick Henry High Washington County Public Schools,207,192,399,,394,5,399,,324,75,203,196,0,0.0,0.250626566,1.253132832,2.756892231,0.0,1.503759398,94.23558897,46,2,51,49.3,12577,4810847,92,371,24.8,Medium Poverty,Non-Title I,1.6,9.5,1.6,95.9
Patriot High Prince William County Public Schools,"1,931",414,"2,226",69,"2,343",2,"2,340",,"2,056",289,"1,097","1,247",1,0.170575693,13.17697228,12.02558635,18.08102345,0.298507463,6.140724947,50.10660981,26,1,72,13.9,13160,30510862,448,2307,19.42,Low Poverty,Non-Title I,5.7,6.4,0.6,97.7
Petersburg High Petersburg City Public Schools,223,804,977,26,"1,026",1,"1,024",,878,149,521,506,0,0.097370983,0.584225901,88.41285297,7.594936709,0.194741967,0.584225901,2.53164557,45,0,46,100.0,16072,14764845,521,998,52.2,High Poverty,Non-Title I,5.0,13.8,3.8,88.2
Phoebus High Hampton City Public Schools,560,703,"1,251",,"1,258",5,"1,249",14,"1,049",214,525,738,0,0.158353127,0.63341251,68.5669042,6.096595408,0.158353127,8.788598575,15.59778306,46,1,43,61.1,12424,15344854,187,1231,15.19,Medium Poverty,Non-Title I,2.3,0.0,0.0,95.9
Poquoson High Poquoson City Public Schools,568,131,694,,699,,699,,624,75,343,356,0,0.572246066,1.430615165,1.859799714,3.433476395,0.429184549,4.43490701,87.8397711,42,2,55,14.2,12022,8332191,98,693,14.14,Low Poverty,Non-Title I,3.3,3.3,1.6,96.0
Potomac Falls High Loudoun County Public Schools,"1,120",501,"1,453",117,"1,617",4,"1,591",30,"1,420",201,806,813,2,0.678593461,14.49722394,10.48735349,25.7248612,0.061690315,5.181986428,43.36829118,26,2,72,21.7,18519,29749227,328,1589,20.64,Low Poverty,Non-Title I,4.6,2.6,0.0,96.4
Potomac High Prince William County Public Schools,883,"1,121","1,681",246,"1,997",7,"1,996",,"1,684",320,896,"1,107",1,0.349301397,8.832335329,44.86027944,29.74051896,0.249500998,5.638722555,10.32934132,32,1,63,49.7,13615,26861901,812,1990,40.8,Medium Poverty,Non-Title I,6.9,3.8,0.8,89.3
Powhatan High Powhatan County Public Schools,"1,180",273,"1,449",,"1,450",3,"1,448",,"1,257",196,681,772,0,0.344115623,0.344115623,5.57467309,4.129387474,0.137646249,3.234686855,86.23537509,43,2,50,17.0,11420,15710497,293,1393,21.03,Low Poverty,Non-Title I,6.1,0.9,0.0,95.9
Prince Edward County High Prince Edward County Public Schools,284,296,570,,573,7,580,,493,87,291,289,0,0.172413793,0.862068966,57.93103448,4.655172414,0.0,2.413793103,33.96551724,44,0,50,61.2,15179,8366619,264,553,47.74,Medium Poverty,Non-Title I,12.0,10.0,4.0,80.9
Prince George High Prince George County Public Schools,"1,030",756,"1,763",13,"1,780",6,"1,778",,"1,545",241,887,899,0,0.167973124,1.231802912,30.73908175,11.31019037,0.951847704,6.998880179,48.60022396,50,2,41,36.4,10875,18681847,658,1754,37.51,Medium Poverty,Non-Title I,2.6,11.7,1.3,89.2
Princess Anne High Virginia Beach City Public Schools,"1,113",596,"1,654",37,"1,706",3,"1,695",14,"1,482",227,883,822,4,0.292568754,10.29842013,17.43709772,10.82504389,0.292568754,10.23990638,50.61439438,43,2,50,28.1,14264,24009570,95,1703,5.58,Low Poverty,Non-Title I,4.3,5.0,0.0,94.9
Pulaski County Senior High Pulaski County Public Schools,701,526,"1,205",19,"1,221",6,"1,218",,"1,049",178,606,621,0,0.32599837,0.65199674,5.54197229,3.667481663,0.0,5.623471883,84.18907905,39,1,52,46.5,13285,15912298,310,1202,25.79,Medium Poverty,Non-Title I,12.7,3.0,0.7,93.7
Radford High Radford City Public Schools,624,205,820,,829,,827,,756,73,437,392,0,0.241254524,4.945717732,13.26899879,6.031363088,0.241254524,8.2026538,67.06875754,38,2,55,35.3,10952,9154693,79,833,9.48,Medium Poverty,Non-Title I,1.1,5.5,0.0,96.4
Rappahannock County High Rappahannock County Public Schools,189,114,286,14,302,1,299,,259,44,131,172,0,0.0,0.330033003,1.320132013,11.22112211,0.0,5.940594059,81.18811881,39,0,53,30.1,19205,5834128,100,305,32.79,Low Poverty,Non-Title I,2.7,16.2,0.0,97.0
Rappahannock High Richmond County Public Schools,291,250,510,,540,1,535,,479,62,260,281,0,0.0,0.554528651,21.99630314,14.41774492,0.0,4.251386322,58.78003697,58,0,37,74.1,11729,6269412,99,533,18.57,High Poverty,Non-Title I,4.9,9.8,2.4,96.9
Richlands High Tazewell County Public Schools,277,403,677,,678,2,679,,539,141,330,350,0,0.0,0.294117647,0.735294118,0.441176471,0.0,1.617647059,96.91176471,59,0,39,51.1,10270,6754672,181,655,27.63,Medium Poverty,Non-Title I,10.9,15.6,1.6,96.2
Ridgeview High Dickenson County Public Schools,298,304,600,,598,4,602,,493,109,279,323,0,0.0,0.332225914,0.996677741,0.830564784,0.0,0.49833887,97.34219269,57,3,32,70.2,13896,8250027,251,584,42.98,High Poverty,Non-Title I,2.1,0.0,0.0,89.1
Riverheads High Augusta County Public Schools,309,168,472,,473,4,477,,434,43,204,273,0,0.209643606,0.838574423,1.677148847,4.192872117,0.0,2.306079665,90.77568134,53,0,39,31.1,12749,5773609,97,465,20.86,Medium Poverty,Non-Title I,6.7,4.4,0.0,97.2
Riverside High Loudoun County Public Schools,"1,563",259,"1,754",49,"1,821",1,"1,806",16,"1,641",181,884,935,3,0.493962678,20.19758507,8.122941822,11.96487377,0.054884742,5.927552141,53.23819978,22,3,73,9.6,17158,31155667,247,1804,13.69,Low Poverty,Non-Title I,2.5,1.9,0.0,98.9
Rock Ridge High Loudoun County Public Schools,"1,162",234,"1,297",56,"1,395",1,"1,390",,"1,285",111,683,712,1,0.716332378,52.36389685,9.670487106,9.169054441,0.214899713,5.014326648,22.85100287,17,2,80,11.8,18152,25535966,196,1387,14.13,Low Poverty,Non-Title I,7.8,10.2,0.8,99.4
Rockbridge County High Rockbridge County Public Schools,594,445,"1,020",10,"1,039",,"1,036",,912,127,504,535,0,0.577478345,1.539942252,5.10105871,4.908565929,0.096246391,3.75360924,84.02309913,39,5,50,33.3,13014,12793437,365,1012,36.07,Medium Poverty,Non-Title I,4.5,5.6,2.2,85.6
Rural Retreat High Wythe County Public Schools,189,132,321,,314,7,318,,294,27,151,170,0,0.0,0.0,0.934579439,2.180685358,0.0,1.557632399,95.3271028,55,0,42,41.1,12345,3768970,104,309,33.66,Medium Poverty,Non-Title I,0.0,0.0,0.0,95.2
Rustburg High Campbell County Public Schools,469,336,790,,802,3,805,,701,104,401,404,0,0.124223602,0.869565217,12.17391304,4.347826087,0.0,5.341614907,77.14285714,48,2,48,45.2,11339,8964947,152,800,19.0,Medium Poverty,Non-Title I,0.0,4.8,0.0,98.6
Rye Cove High Scott County Public Schools,,254,254,,254,,254,,208,46,118,136,0,0.0,0.0,1.181102362,3.149606299,0.0,1.181102362,94.48818898,48,0,41,65.8,11052,2794890,98,253,38.74,High Poverty,Non-Title I,12.0,16.0,8.0,95.0
Salem High Salem City Public Schools,810,439,"1,176",35,"1,244",5,"1,243",,"1,072",177,589,660,0,0.080064051,2.962369896,12.32986389,7.926341073,0.0,5.204163331,71.49719776,31,1,62,30.8,12901,15882804,295,1244,23.71,Medium Poverty,Non-Title I,2.8,10.3,2.8,94.9
Salem High Virginia Beach City Public Schools,"1,023",641,"1,640",16,"1,662",2,"1,662",,"1,484",180,899,763,2,0.240384615,8.713942308,26.68269231,13.22115385,0.901442308,12.56009615,37.68028846,50,1,43,34.1,12597,20465148,269,1625,16.55,Medium Poverty,Non-Title I,4.2,5.0,0.8,96.1
Sherando High Frederick County Public Schools,"1,040",562,"1,513",73,"1,599",3,"1,589",13,"1,377",225,772,830,0,0.0,1.560549313,4.868913858,18.03995006,0.312109863,5.680399501,69.5380774,35,3,60,25.9,12794,19979901,364,1554,23.42,Low Poverty,Non-Title I,2.2,5.1,1.5,96.3
Skyline High Warren County Public Schools,487,394,850,24,881,,875,,765,116,434,444,3,0.454029512,0.794551646,6.583427923,8.286038593,0.113507378,8.513053348,75.2553916,60,0,38,37.6,13712,11980352,415,881,47.11,Medium Poverty,Non-Title I,6.5,9.1,1.3,95.0
Smithfield High Isle of Wight County Public Schools,975,363,"1,324",10,"1,329",9,"1,337",,"1,167",171,663,675,0,0.597907324,1.34529148,28.69955157,5.754857997,0.298953662,7.025411061,56.27802691,42,0,44,29.1,11148,14258649,362,1277,28.35,Low Poverty,Non-Title I,13.8,10.3,9.2,95.6
South County High Fairfax County Public Schools,"1,726",573,"2,149",111,"2,293",6,"2,297",,"1,968",331,"1,121","1,177",1,0.043497173,18.26881253,23.79295346,15.87646803,0.173988691,6.437581557,35.40669856,25,0,73,20.7,16091,36966216,501,2305,21.74,Low Poverty,Non-Title I,1.9,10.2,0.0,99.1
South Lakes High Fairfax County Public Schools,"1,759",825,"2,195",301,"2,580",4,"2,573",11,"2,098",486,"1,204","1,364",16,0.116099071,11.14551084,12.26780186,24.96130031,0.116099071,7.933436533,43.45975232,22,4,72,28.5,17153,43791837,521,2562,20.34,Low Poverty,Non-Title I,2.5,13.4,0.5,96.4
Southampton High Southampton County Public Schools,471,278,748,,747,2,743,,649,100,352,397,0,0.133511348,0.267022697,38.31775701,2.670226969,0.133511348,2.403204272,56.07476636,54,4,33,35.6,13173,9528859,121,742,16.31,Medium Poverty,Non-Title I,20.0,20.0,14.0,88.4
Spotswood High Rockingham County Public Schools,584,368,850,79,948,4,947,,857,95,467,484,1,0.420168067,4.201680672,2.941176471,23.42436975,0.0,5.462184874,63.55042017,44,0,55,34.2,12464,11613146,275,932,29.51,Medium Poverty,Non-Title I,2.7,5.5,2.7,93.8
Spotsylvania High Spotsylvania County Public Schools,727,580,"1,274",32,"1,302",5,"1,299",,"1,114",193,620,686,1,0.229533282,1.912777353,11.85921959,14.38408569,0.076511094,7.192042846,64.34583015,44,1,46,33.8,12143,15382101,398,1271,31.31,Medium Poverty,Non-Title I,13.3,13.3,9.2,89.1
Stafford Senior High Stafford County Public Schools,"1,482",580,"1,957",84,"2,058",4,"2,046",16,"1,774",288,986,"1,075",1,0.387972842,3.491755577,18.04073715,16.6828322,0.193986421,7.032007759,54.17070805,33,3,52,29.6,12198,23695531,537,2015,26.65,Low Poverty,Non-Title I,9.1,16.8,4.9,93.1
Staunton High Staunton City Public Schools,492,348,818,18,833,7,828,12,725,115,407,433,0,0.357142857,1.785714286,15.5952381,7.738095238,0.0,11.19047619,63.33333333,51,0,46,38.0,13796,11220000,327,829,39.45,Medium Poverty,Non-Title I,1.6,3.2,0.0,92.1
Staunton River High Bedford County Public Schools,475,444,917,,914,5,907,12,798,121,429,490,0,0.108813928,0.217627856,4.78781284,4.678998912,0.0,3.699673558,86.50707291,53,1,46,49.0,11976,10791299,233,897,25.98,Medium Poverty,Non-Title I,2.9,5.9,0.0,92.6
Stone Bridge High Loudoun County Public Schools,"1,483",257,"1,662",44,"1,740",,"1,731",,"1,504",236,791,948,1,0.114942529,20.22988506,6.781609195,11.95402299,0.057471264,6.034482759,54.82758621,25,4,70,10.4,18308,31525977,254,1714,14.82,Low Poverty,Non-Title I,4.5,7.6,1.3,98.4
Strasburg High Shenandoah County Public Schools,364,208,557,,572,,570,,501,71,279,292,1,0.0,0.174825175,4.545454545,8.216783217,0.0,4.370629371,82.69230769,48,2,50,28.0,12448,7013601,237,571,41.51,Low Poverty,Non-Title I,2.0,4.1,0.0,99.8
Stuarts Draft High Augusta County Public Schools,447,264,700,,711,,708,,629,82,336,375,0,0.140646976,1.687763713,2.953586498,5.485232068,0.0,5.76652602,83.96624473,40,0,56,32.1,12541,8641466,116,710,16.34,Medium Poverty,Non-Title I,3.1,3.1,0.0,98.4
Surry County High Surry County Public Schools,128,100,228,,228,,228,,174,54,110,118,0,0.0,0.438596491,50.87719298,1.754385965,0.0,5.263157895,41.66666667,38,3,56,50.4,28111,5961009,79,217,36.41,Medium Poverty,Non-Title I,2.7,13.5,0.0,95.7
Sussex Central High Sussex County Public Schools,143,169,310,,312,,311,,271,41,155,157,0,0.320512821,0.641025641,71.79487179,5.769230769,0.0,3.846153846,17.62820513,41,4,43,87.9,19661,5657006,93,310,30.0,High Poverty,Non-Title I,4.5,6.8,0.0,88.5
Tabb High York County Public Schools,882,201,"1,048",14,"1,081",2,"1,081",,971,112,550,533,0,0.092336103,7.479224377,12.28070175,13.01939058,0.831024931,10.24930748,56.04801477,34,2,60,16.0,10347,11046603,133,1065,12.49,Low Poverty,Non-Title I,4.3,0.0,0.0,98.2
Tallwood High Virginia Beach City Public Schools,986,850,"1,797",22,"1,829",7,"1,827",,"1,596",240,948,887,1,0.054466231,7.625272331,34.04139434,12.03703704,0.816993464,11.65577342,33.76906318,45,1,53,38.9,12631,22858000,448,1804,24.83,Medium Poverty,Non-Title I,3.1,2.3,0.0,95.9
Tazewell High Tazewell County Public Schools,208,306,514,,511,3,514,,408,106,251,263,0,0.0,0.778210117,2.529182879,0.389105058,0.0,4.474708171,91.82879377,50,0,47,53.2,10918,5379995,166,485,34.23,Medium Poverty,Non-Title I,17.2,21.9,6.3,96.9
Thomas Dale High Chesterfield County Public Schools,"1,724",849,"2,296",110,"2,562",11,"2,564",,"2,218",355,"1,344","1,229",0,0.233190828,2.759424796,33.89040031,19.27710843,0.38865138,4.858142246,38.59308201,45,2,52,34.5,11583,28699550,614,2546,24.12,Medium Poverty,Non-Title I,7.2,4.4,1.7,94.2
Thomas Walker High Lee County Public Schools,118,171,289,,278,11,289,,227,62,142,147,0,0.0,0.0,2.422145329,2.076124567,0.0,0.692041522,94.80968858,63,0,26,94.5,13575,3772284,52,276,18.84,High Poverty,Non-Title I,2.9,14.3,0.0,89.8
Tunstall High Pittsylvania County Public Schools,489,346,815,13,834,1,834,,736,99,406,428,1,0.119760479,1.317365269,12.09580838,7.904191617,0.119760479,1.556886228,76.88622754,49,0,49,44.0,11192,8936555,193,791,24.4,Medium Poverty,Non-Title I,5.1,12.8,0.0,90.1
Turner Ashby High Rockingham County Public Schools,637,379,933,68,"1,015",1,"1,016",,925,91,484,532,0,0.295275591,0.984251969,2.165354331,15.84645669,0.295275591,3.74015748,76.67322835,56,0,44,30.8,12085,11995303,289,993,29.1,Medium Poverty,Non-Title I,3.8,2.6,1.3,94.5
Tuscarora High Loudoun County Public Schools,918,483,"1,210",153,"1,401",,"1,380",21,"1,202",199,659,737,5,0.642398287,7.637401856,8.35117773,29.97858672,0.28551035,5.139186296,47.96573876,19,3,76,26.0,20277,28603214,339,1393,24.34,Low Poverty,Non-Title I,2.1,7.0,0.0,94.6
Twin Springs High Scott County Public Schools,,245,243,,243,2,245,,198,47,125,120,0,0.0,0.0,0.0,6.530612245,0.0,1.224489796,92.24489796,47,3,50,78.4,12570,3062708,63,246,25.61,High Poverty,Title I,7.4,18.5,0.0,89.6
Twin Valley High Buchanan County Public Schools,73,125,198,,197,1,198,,165,33,90,108,0,0.0,0.505050505,0.0,1.01010101,0.0,0.505050505,97.97979798,58,6,36,84.1,13227,2591692,34,196,17.35,High Poverty,Non-Title I,6.7,0.0,0.0,91.9
Union High Wise County Public Schools,264,312,576,,572,4,564,12,498,78,267,309,0,0.0,0.347222222,3.993055556,1.041666667,0.173611111,2.430555556,92.01388889,61,0,32,87.7,9923,5523888,110,559,19.68,High Poverty,Non-Title I,1.8,1.8,0.0,95.9
Unity Reed High Prince William County Public Schools,764,"1,689","1,617",701,"2,450",3,"2,442",11,"2,047",406,"1,175","1,277",1,0.122299225,5.584997962,13.65674684,66.44924582,0.163065634,3.913575214,10.1100693,28,1,70,60.7,13560,32668515,1094,2450,44.65,Medium Poverty,Non-Title I,8.3,4.8,1.2,84.6
Varina High Henrico County Public Schools,473,"1,058","1,515",16,"1,523",8,"1,512",19,"1,205",326,709,822,0,0.522534291,0.522534291,71.39124755,5.029392554,0.130633573,5.029392554,17.37426519,46,0,50,52.4,11350,16591475,476,1517,31.38,Medium Poverty,Non-Title I,0.9,2.7,0.0,92.2
Virginia High Bristol City Public Schools,237,402,631,,637,2,630,,541,98,310,329,0,0.156494523,1.251956182,8.294209703,4.851330203,0.156494523,7.042253521,78.24726135,48,4,40,80.0,17180,10854442,247,626,39.46,High Poverty,Non-Title I,0.0,9.0,0.0,84.4
Wakefield High Arlington County Public Schools,"1,442","1,325","1,981",513,"2,760",7,"2,747",20,"2,224",543,"1,329","1,435",3,0.18070112,6.722081677,18.68449584,43.15142754,0.108420672,4.915070473,26.23780267,19,5,76,41.1,17778,48239709,503,2749,18.3,Medium Poverty,Non-Title I,3.5,0.0,0.0,93.6
Warhill High Williamsburg-James City County Public Schools,901,433,"1,303",27,"1,331",3,"1,319",15,"1,107",227,663,670,1,0.59970015,1.949025487,17.91604198,11.69415292,0.149925037,9.370314843,58.32083958,28,4,64,26.0,12970,16388780,335,1328,25.23,Low Poverty,Non-Title I,5.2,5.2,3.0,97.1
Warren County High Warren County Public Schools,544,307,827,21,849,2,850,,722,129,377,473,1,0.470035253,1.175088132,3.407755582,9.165687427,0.470035253,5.170387779,80.14101058,45,1,51,36.2,13891,11564800,288,839,34.33,Medium Poverty,Non-Title I,6.1,9.8,2.4,94.3
Warwick High Newport News City Public Schools,737,886,"1,586",14,"1,620",3,"1,618",,"1,420",203,848,775,0,0.308071473,2.033271719,50.21565003,14.72581639,0.369685767,5.914972274,26.43253235,35,2,48,76.5,13714,21616852,637,1580,40.32,High Poverty,Non-Title I,6.8,16.1,4.2,94.6
Washington-Liberty High Arlington County Public Schools,"1,686",865,"2,016",323,"2,550",1,"2,549",,"2,153",398,"1,288","1,262",1,0.117600941,8.663269306,7.252058016,31.67385339,0.0,6.781654253,45.51156409,25,3,70,29.6,17988,45240263,397,2551,15.56,Low Poverty,Non-Title I,6.4,1.7,1.2,93.9
West Potomac High Fairfax County Public Schools,"1,418","1,271","2,132",433,"2,683",6,"2,682",,"2,261",428,"1,326","1,363",0,0.18594273,6.359241354,16.25139457,38.41576794,0.148754184,3.867608776,34.77129044,26,3,69,42.3,17657,47234878,763,2680,28.47,Medium Poverty,Non-Title I,5.8,12.0,1.9,94.9
West Springfield High Fairfax County Public Schools,"2,156",422,"2,411",98,"2,576",2,"2,573",,"2,203",375,"1,254","1,316",8,0.426687355,14.04189294,11.67571761,17.45539178,0.155159038,8.068269977,48.1768813,32,2,65,15.0,15354,39406948,279,2567,10.87,Low Poverty,Non-Title I,4.1,10.5,0.6,99.0
Western Albemarle High Albemarle County Public Schools,"1,024",133,"1,147",,"1,156",1,"1,153",,"1,024",133,535,622,0,0.259291271,3.45721694,1.555747623,5.963699222,0.086430424,3.370786517,85.306828,35,1,62,10.6,15202,17295806,145,1140,12.72,Low Poverty,Non-Title I,5.1,2.0,2.0,97.9
Western Branch High Chesapeake City Public Schools,"1,283",851,"2,102",21,"2,132",2,"2,133",,"1,703",431,"1,071","1,063",0,0.328022493,3.842549203,40.58106842,7.029053421,0.60918463,8.62230553,38.98781631,33,3,61,30.7,12140,25030923,482,2079,23.18,Medium Poverty,Non-Title I,4.1,0.0,0.0,94.0
Westfield High Fairfax County Public Schools,"1,807",842,"2,206",300,"2,645",4,"2,632",17,"2,231",418,"1,277","1,370",2,0.113250283,23.70705927,11.51377878,25.63231408,0.226500566,4.492261231,34.31483579,24,0,75,28.4,16942,44611516,458,2641,17.34,Low Poverty,Non-Title I,3.6,10.3,1.0,96.9
William Byrd High Roanoke County Public Schools,721,386,"1,092",14,"1,105",2,"1,107",,938,169,500,607,0,0.180668473,1.535682023,6.865401987,5.058717254,0.090334237,4.60704607,81.66214995,39,0,61,28.6,10904,11875293,251,1102,22.78,Low Poverty,Non-Title I,7.5,0.0,0.0,94.8
William Campbell High Campbell County Public Schools,157,250,406,,405,2,404,,350,57,196,210,1,0.982800983,0.0,33.16953317,1.965601966,0.245700246,4.914004914,58.72235872,57,0,39,63.1,14052,5563588,103,400,25.75,Medium Poverty,Non-Title I,0.0,11.9,0.0,90.7
William Fleming High Roanoke City Public Schools,774,"1,054","1,527",257,"1,813",15,"1,798",30,"1,549",279,879,945,4,0.0,3.774617068,49.45295405,24.83588621,0.054704595,3.774617068,18.10722101,39,1,52,100.0,13646,24309290,690,1818,37.95,High Poverty,Title I,3.9,10.2,0.0,83.4
William Monroe High Greene County Public Schools,526,429,896,33,952,3,948,,810,145,458,497,0,0.104712042,1.989528796,6.910994764,12.35602094,0.104712042,8.795811518,69.7382199,40,1,53,34.0,11532,10701496,185,934,19.81,Medium Poverty,Non-Title I,4.1,13.7,0.0,95.2
Wilson Memorial High Augusta County Public Schools,511,312,805,15,816,7,818,,737,86,413,410,0,0.121506683,1.336573512,5.589307412,7.411907655,0.121506683,4.009720535,81.40947752,44,0,54,32.2,11279,9058111,165,813,20.3,Medium Poverty,Non-Title I,3.8,8.9,1.3,89.1
Windsor High Isle of Wight County Public Schools,268,282,547,,550,,548,,486,64,271,279,0,0.0,0.909090909,16.72727273,3.818181818,0.363636364,6.181818182,72.0,44,0,48,32.4,13045,6851355,214,522,41.0,Medium Poverty,Non-Title I,2.0,12.2,2.0,94.6
Woodbridge High Prince William County Public Schools,"1,462","1,374","2,437",261,"2,831",5,"2,831",,"2,513",323,"1,385","1,451",0,0.141043724,8.568406206,22.39069111,39.13963329,0.141043724,6.029619182,23.58956276,38,1,59,43.5,12540,35098484,861,2797,30.78,Medium Poverty,Non-Title I,13.6,5.1,3.4,91.9
Woodgrove High Loudoun County Public Schools,"1,380",186,"1,532",25,"1,562",4,"1,560",,"1,295",271,746,816,4,0.638569604,3.639846743,3.767560664,9.642401022,0.127713921,4.597701149,77.5862069,22,4,74,7.4,20435,31674570,292,1525,19.15,Low Poverty,Non-Title I,0.6,3.2,0.0,98.4
Woodside High Newport News City Public Schools,938,805,"1,708",18,"1,742",1,"1,737",,"1,527",216,952,791,0,0.516351119,3.098106713,53.81526104,13.31038439,0.573723465,8.318990247,20.36718302,33,1,50,76.5,13193,22533728,481,1702,28.26,High Poverty,Non-Title I,4.7,16.4,4.7,97.8
Woodson High Fairfax County Public Schools,"2,120",370,"2,306",118,"2,483",7,"2,484",,"2,056",434,"1,182","1,301",7,0.040160643,26.02409639,5.100401606,12.48995984,0.200803213,5.9437751,50.20080321,25,2,72,11.4,17198,42461047,634,2478,25.59,Low Poverty,Non-Title I,4.7,14.2,1.6,97.9
York High York County Public Schools,852,239,"1,071",13,"1,091",,"1,084",,970,121,544,547,0,0.274977085,4.03299725,12.46562786,10.26581118,0.366636114,9.349220898,63.24472961,42,4,52,20.1,9917,10645988,197,1076,18.31,Low Poverty,Non-Title I,2.0,0.0,0.0,98.4
Yorktown High Arlington County Public Schools,"2,142",391,"2,310",124,"2,530",3,"2,525",,"2,129",404,"1,222","1,310",1,0.157915515,6.474536123,5.132254244,15.87050928,0.039478879,8.014212396,64.31109356,22,1,75,11.7,17764,44337287,245,2529,9.69,Low Poverty,Non-Title I,6.3,1.1,0.0,96.6
